Sitio,Fecha,Transecto,tran_mean_veg,tran_mean_hoja,Pair,tran_mean_CC,tran_coef_var_CC
AL-N,09/09/22,1,57.5,56.25,1,51.8125,0.35101496840517377
AL-N,09/09/22,2,27.5,67.5,1,74.4375,0.21328379219773852
AL-N,09/09/22,3,43.75,62.5,1,43.125,0.41216535183428266
AL-N,09/09/22,4,76.25,32.5,1,61.125,0.265407845937139
AL-N,12/09/22,1,57.5,56.25,1,51.8125,0.35101496840517377
AL-N,12/09/22,2,27.5,67.5,1,74.4375,0.21328379219773852
AL-N,12/09/22,3,43.75,62.5,1,43.125,0.41216535183428266
AL-N,12/09/22,4,76.25,32.5,1,61.125,0.265407845937139
AL-N,14/09/22,1,57.5,56.25,1,51.8125,0.35101496840517377
AL-N,14/09/22,2,27.5,67.5,1,74.4375,0.21328379219773852
AL-N,14/09/22,3,43.75,62.5,1,43.125,0.41216535183428266
AL-N,14/09/22,4,76.25,32.5,1,61.125,0.265407845937139
AL-N,17/01/23,1,100,51.25,1,51.8125,0.35101496840517377
AL-N,17/01/23,2,46.25,55,1,74.4375,0.21328379219773852
AL-N,17/01/23,3,65,95,1,43.125,0.41216535183428266
AL-N,17/01/23,4,100,16.25,1,61.125,0.265407845937139
AL-N,19/01/23,1,100,51.25,1,51.8125,0.35101496840517377
AL-N,19/01/23,2,46.25,55,1,74.4375,0.21328379219773852
AL-N,19/01/23,3,65,95,1,43.125,0.41216535183428266
AL-N,19/01/23,4,100,16.25,1,61.125,0.265407845937139
AL-N,21/01/23,1,100,51.25,1,51.8125,0.35101496840517377
AL-N,21/01/23,2,46.25,55,1,74.4375,0.21328379219773852
AL-N,21/01/23,3,65,95,1,43.125,0.41216535183428266
AL-N,21/01/23,4,100,16.25,1,61.125,0.265407845937139
AZ-C,14/11/22,1,18.75,6.25,4,27.4375,0.25989414324502547
AZ-C,14/11/22,2,5,8.75,4,4.5,0.5462178223612084
AZ-C,14/11/22,3,2.5,16.25,4,8.5,0.7800127168986701
AZ-C,14/11/22,4,1.25,13.75,4,19.375,1.2205433133986139
AZ-C,16/11/22,1,18.75,6.25,4,27.4375,0.25989414324502547
AZ-C,16/11/22,2,5,8.75,4,4.5,0.5462178223612084
AZ-C,16/11/22,3,2.5,16.25,4,8.5,0.7800127168986701
AZ-C,16/11/22,4,1.25,13.75,4,19.375,1.2205433133986139
AZ-C,18/11/22,1,18.75,6.25,4,27.4375,0.25989414324502547
AZ-C,18/11/22,2,5,8.75,4,4.5,0.5462178223612084
AZ-C,18/11/22,3,2.5,16.25,4,8.5,0.7800127168986701
AZ-C,18/11/22,4,1.25,13.75,4,19.375,1.2205433133986139
AZ-N,14/11/22,1,25,66.25,4,80.4375,0.12171248639249743
AZ-N,14/11/22,2,12.5,73.75,4,84.5,0.08195497686120999
AZ-N,14/11/22,3,13.75,75,4,82.0625,0.047416244984838936
AZ-N,14/11/22,4,8.75,73.75,4,83.5,0.03465819431973122
AZ-N,16/11/22,1,25,66.25,4,80.4375,0.12171248639249743
AZ-N,16/11/22,2,12.5,73.75,4,84.5,0.08195497686120999
AZ-N,16/11/22,3,13.75,75,4,82.0625,0.047416244984838936
AZ-N,16/11/22,4,8.75,73.75,4,83.5,0.03465819431973122
AZ-N,18/11/22,1,25,66.25,4,80.4375,0.12171248639249743
AZ-N,18/11/22,2,12.5,73.75,4,84.5,0.08195497686120999
AZ-N,18/11/22,3,13.75,75,4,82.0625,0.047416244984838936
AZ-N,18/11/22,4,8.75,73.75,4,83.5,0.03465819431973122
DB-C,08/10/22,1,0,78.75,15,53.1875,0.22329972749968552
DB-C,08/10/22,2,2.5,76.25,15,47.375,0.3870752269457544
DB-C,08/10/22,3,0,42.5,15,27.9375,1.026300424370214
DB-C,08/10/22,4,2.5,40,15,28.6875,0.45900783963606373
DB-C,10/10/22,1,0,78.75,15,53.1875,0.22329972749968552
DB-C,10/10/22,2,2.5,76.25,15,47.375,0.3870752269457544
DB-C,10/10/22,3,0,42.5,15,27.9375,1.026300424370214
DB-C,10/10/22,4,2.5,40,15,28.6875,0.45900783963606373
DB-C,12/10/22,1,0,78.75,15,53.1875,0.22329972749968552
DB-C,12/10/22,2,2.5,76.25,15,47.375,0.3870752269457544
DB-C,12/10/22,3,0,42.5,15,27.9375,1.026300424370214
DB-C,12/10/22,4,2.5,40,15,28.6875,0.45900783963606373
DB-C,14/02/23,1,45,85,15,53.1875,0.22329972749968552
DB-C,14/02/23,2,50,78.75,15,47.375,0.3870752269457544
DB-C,14/02/23,3,53.75,75,15,27.9375,1.026300424370214
DB-C,14/02/23,4,31.25,75,15,28.6875,0.45900783963606373
DB-C,16/02/23,1,1.25,88.75,15,53.1875,0.22329972749968552
DB-C,16/02/23,2,2.5,86.25,15,47.375,0.3870752269457544
DB-C,16/02/23,3,0,90,15,27.9375,1.026300424370214
DB-C,16/02/23,4,5,28.75,15,28.6875,0.45900783963606373
DB-C,18/02/23,1,1.25,88.75,15,53.1875,0.22329972749968552
DB-C,18/02/23,2,2.5,86.25,15,47.375,0.3870752269457544
DB-C,18/02/23,3,0,90,15,27.9375,1.026300424370214
DB-C,18/02/23,4,5,28.75,15,28.6875,0.45900783963606373
DB-N,08/10/22,1,2.5,90,15,67.625,0.07926003071293163
DB-N,08/10/22,2,5,90,15,71.625,0.19273211437736157
DB-N,08/10/22,3,3.75,63.75,15,64.3125,0.02445686567952948
DB-N,08/10/22,4,1.25,57.5,15,64.8125,0.3156279428561218
DB-N,10/10/22,1,2.5,90,15,67.625,0.07926003071293163
DB-N,10/10/22,2,5,90,15,71.625,0.19273211437736157
DB-N,10/10/22,3,3.75,63.75,15,64.3125,0.02445686567952948
DB-N,10/10/22,4,1.25,57.5,15,64.8125,0.3156279428561218
DB-N,12/10/22,1,2.5,90,15,67.625,0.07926003071293163
DB-N,12/10/22,2,5,90,15,71.625,0.19273211437736157
DB-N,12/10/22,3,3.75,63.75,15,64.3125,0.02445686567952948
DB-N,12/10/22,4,1.25,57.5,15,64.8125,0.3156279428561218
DB-N,14/02/23,1,31.25,81.25,15,67.625,0.07926003071293163
DB-N,14/02/23,2,50,85,15,71.625,0.19273211437736157
DB-N,14/02/23,3,55,62.5,15,64.3125,0.02445686567952948
DB-N,14/02/23,4,76.25,30,15,64.8125,0.3156279428561218
DB-N,16/02/23,1,31.25,81.25,15,67.625,0.07926003071293163
DB-N,16/02/23,2,50,85,15,71.625,0.19273211437736157
DB-N,16/02/23,3,55,62.5,15,64.3125,0.02445686567952948
DB-N,16/02/23,4,76.25,30,15,64.8125,0.3156279428561218
DB-N,18/02/23,1,31.25,81.25,15,67.625,0.07926003071293163
DB-N,18/02/23,2,50,85,15,71.625,0.19273211437736157
DB-N,18/02/23,3,55,62.5,15,64.3125,0.02445686567952948
DB-N,18/02/23,4,76.25,30,15,64.8125,0.3156279428561218
DG-B,06/11/22,1,48.75,82.5,6,93,0.01005821878165038
DG-B,06/11/22,2,60,72.5,6,93.875,0.007045942239852439
DG-B,06/11/22,3,65,92.5,6,93.9375,0.003992015968063872
DG-B,06/11/22,4,62.5,85,6,93.625,0.013171916855317082
DG-B,08/11/22,1,48.75,82.5,6,93,0.01005821878165038
DG-B,08/11/22,2,60,72.5,6,93.875,0.007045942239852439
DG-B,08/11/22,3,65,92.5,6,93.9375,0.003992015968063872
DG-B,08/11/22,4,62.5,85,6,93.625,0.013171916855317082
DG-B,10/11/22,1,48.75,82.5,6,93,0.01005821878165038
DG-B,10/11/22,2,60,72.5,6,93.875,0.007045942239852439
DG-B,10/11/22,3,65,92.5,6,93.9375,0.003992015968063872
DG-B,10/11/22,4,62.5,85,6,93.625,0.013171916855317082
DG-B,20/02/23,1,46.25,70,6,93,0.01005821878165038
DG-B,20/02/23,2,71.25,82.5,6,93.875,0.007045942239852439
DG-B,20/02/23,3,67.5,73.75,6,93.9375,0.003992015968063872
DG-B,20/02/23,4,40,72.5,6,93.625,0.013171916855317082
DG-B,22/02/23,1,46.25,70,6,93,0.01005821878165038
DG-B,22/02/23,2,71.25,82.5,6,93.875,0.007045942239852439
DG-B,22/02/23,3,67.5,73.75,6,93.9375,0.003992015968063872
DG-B,22/02/23,4,40,72.5,6,93.625,0.013171916855317082
DG-B,24/02/23,1,46.25,70,6,93,0.01005821878165038
DG-B,24/02/23,2,71.25,82.5,6,93.875,0.007045942239852439
DG-B,24/02/23,3,67.5,73.75,6,93.9375,0.003992015968063872
DG-B,24/02/23,4,40,72.5,6,93.625,0.013171916855317082
DG-C,07/11/22,1,17.5,8.75,6,79.1875,0.18186031038732434
DG-C,07/11/22,2,1.25,12.5,6,67.5,0.1632152928631904
DG-C,07/11/22,3,3.75,32.5,6,54.625,0.2385869319448063
DG-C,07/11/22,4,0,16.25,6,43,1.0840282194010933
DG-C,09/11/22,1,17.5,8.75,6,79.1875,0.18186031038732434
DG-C,09/11/22,2,1.25,12.5,6,67.5,0.1632152928631904
DG-C,09/11/22,3,3.75,32.5,6,54.625,0.2385869319448063
DG-C,09/11/22,4,0,16.25,6,43,1.0840282194010933
DG-C,11/11/22,1,17.5,8.75,6,79.1875,0.18186031038732434
DG-C,11/11/22,2,1.25,12.5,6,67.5,0.1632152928631904
DG-C,11/11/22,3,3.75,32.5,6,54.625,0.2385869319448063
DG-C,11/11/22,4,0,16.25,6,43,1.0840282194010933
DG-C,21/02/23,1,70,22.5,6,79.1875,0.18186031038732434
DG-C,21/02/23,2,95,50,6,67.5,0.1632152928631904
DG-C,21/02/23,3,100,22.5,6,54.625,0.2385869319448063
DG-C,21/02/23,4,86.25,13.75,6,43,1.0840282194010933
DG-C,23/02/23,1,70,22.5,6,79.1875,0.18186031038732434
DG-C,23/02/23,2,95,50,6,67.5,0.1632152928631904
DG-C,23/02/23,3,100,22.5,6,54.625,0.2385869319448063
DG-C,23/02/23,4,86.25,13.75,6,43,1.0840282194010933
DG-C,25/02/23,1,70,22.5,6,79.1875,0.18186031038732434
DG-C,25/02/23,2,95,50,6,67.5,0.1632152928631904
DG-C,25/02/23,3,100,22.5,6,54.625,0.2385869319448063
DG-C,25/02/23,4,86.25,13.75,6,43,1.0840282194010933
DG-N,07/11/22,1,7.5,88.75,6,89.75,0.04503010456075076
DG-N,07/11/22,2,10,78.75,6,90.375,0.04030888519021557
DG-N,07/11/22,3,15,58.75,6,74.75,0.17047016638628304
DG-N,07/11/22,4,17.5,60,6,75.1875,0.07367128623782034
DG-N,09/11/22,1,7.5,88.75,6,89.75,0.04503010456075076
DG-N,09/11/22,2,10,78.75,6,90.375,0.04030888519021557
DG-N,09/11/22,3,15,58.75,6,74.75,0.17047016638628304
DG-N,09/11/22,4,17.5,60,6,75.1875,0.07367128623782034
DG-N,11/11/22,1,7.5,88.75,6,89.75,0.04503010456075076
DG-N,11/11/22,2,10,78.75,6,90.375,0.04030888519021557
DG-N,11/11/22,3,15,58.75,6,74.75,0.17047016638628304
DG-N,11/11/22,4,17.5,60,6,75.1875,0.07367128623782034
DG-N,21/02/23,1,13.75,100,6,89.75,0.04503010456075076
DG-N,21/02/23,2,11.25,90,6,90.375,0.04030888519021557
DG-N,21/02/23,3,8.75,93.75,6,74.75,0.17047016638628304
DG-N,21/02/23,4,42.5,88.75,6,75.1875,0.07367128623782034
DG-N,23/02/23,1,13.75,100,6,89.75,0.04503010456075076
DG-N,23/02/23,2,11.25,90,6,90.375,0.04030888519021557
DG-N,23/02/23,3,8.75,93.75,6,74.75,0.17047016638628304
DG-N,23/02/23,4,42.5,88.75,6,75.1875,0.07367128623782034
DG-N,25/02/23,1,13.75,100,6,89.75,0.04503010456075076
DG-N,25/02/23,2,11.25,90,6,90.375,0.04030888519021557
DG-N,25/02/23,3,8.75,93.75,6,74.75,0.17047016638628304
DG-N,25/02/23,4,42.5,88.75,6,75.1875,0.07367128623782034
DG-V,06/11/22,1,38.75,97.5,5,84.8125,0.018070817153278823
DG-V,06/11/22,2,26.25,93.75,5,87.8125,0.008501291989166746
DG-V,06/11/22,3,30,85,5,83.9375,0.03319954848787484
DG-V,06/11/22,4,41.25,100,5,89.1875,0.04469577776903146
DG-V,08/11/22,1,38.75,97.5,5,84.8125,0.018070817153278823
DG-V,08/11/22,2,26.25,93.75,5,87.8125,0.008501291989166746
DG-V,08/11/22,3,30,85,5,83.9375,0.03319954848787484
DG-V,08/11/22,4,41.25,100,5,89.1875,0.04469577776903146
DG-V,10/11/22,1,38.75,97.5,5,84.8125,0.018070817153278823
DG-V,10/11/22,2,26.25,93.75,5,87.8125,0.008501291989166746
DG-V,10/11/22,3,30,85,5,83.9375,0.03319954848787484
DG-V,10/11/22,4,41.25,100,5,89.1875,0.04469577776903146
DG-V,20/02/23,1,52.5,70,5,84.8125,0.018070817153278823
DG-V,20/02/23,2,41.25,73.75,5,87.8125,0.008501291989166746
DG-V,20/02/23,3,41.25,61.25,5,83.9375,0.03319954848787484
DG-V,20/02/23,4,58.75,77.5,5,89.1875,0.04469577776903146
DG-V,22/02/23,1,52.5,70,5,84.8125,0.018070817153278823
DG-V,22/02/23,2,41.25,73.75,5,87.8125,0.008501291989166746
DG-V,22/02/23,3,41.25,61.25,5,83.9375,0.03319954848787484
DG-V,22/02/23,4,58.75,77.5,5,89.1875,0.04469577776903146
DG-V,24/02/23,1,52.5,70,5,84.8125,0.018070817153278823
DG-V,24/02/23,2,41.25,73.75,5,87.8125,0.008501291989166746
DG-V,24/02/23,3,41.25,61.25,5,83.9375,0.03319954848787484
DG-V,24/02/23,4,58.75,77.5,5,89.1875,0.04469577776903146
FCAT-B1,09/01/23,1,61.25,38.75,13,93.4375,0.013355611265883556
FCAT-B1,09/01/23,2,28.75,47.5,13,92.375,0.018288800119723312
FCAT-B1,09/01/23,3,20,82.5,13,92.8125,0.010403259462407603
FCAT-B1,09/01/23,4,51.25,65,13,92.75,0.017468303769293425
FCAT-B1,11/01/23,1,61.25,38.75,13,93.4375,0.013355611265883556
FCAT-B1,11/01/23,2,28.75,47.5,13,92.375,0.018288800119723312
FCAT-B1,11/01/23,3,20,82.5,13,92.8125,0.010403259462407603
FCAT-B1,11/01/23,4,51.25,65,13,92.75,0.017468303769293425
FCAT-B1,13/01/23,1,61.25,38.75,13,93.4375,0.013355611265883556
FCAT-B1,13/01/23,2,28.75,47.5,13,92.375,0.018288800119723312
FCAT-B1,13/01/23,3,20,82.5,13,92.8125,0.010403259462407603
FCAT-B1,13/01/23,4,51.25,65,13,92.75,0.017468303769293425
FCAT-B1,15/09/22,1,68.75,96.25,13,93.4375,0.013355611265883556
FCAT-B1,15/09/22,2,36.25,96.25,13,92.375,0.018288800119723312
FCAT-B1,15/09/22,3,22.5,95,13,92.8125,0.010403259462407603
FCAT-B1,15/09/22,4,50,91.25,13,92.75,0.017468303769293425
FCAT-B1,17/09/22,1,68.75,96.25,13,93.4375,0.013355611265883556
FCAT-B1,17/09/22,2,36.25,96.25,13,92.375,0.018288800119723312
FCAT-B1,17/09/22,3,22.5,95,13,92.8125,0.010403259462407603
FCAT-B1,17/09/22,4,50,91.25,13,92.75,0.017468303769293425
FCAT-B1,19/09/22,1,68.75,96.25,13,93.4375,0.013355611265883556
FCAT-B1,19/09/22,2,36.25,96.25,13,92.375,0.018288800119723312
FCAT-B1,19/09/22,3,22.5,95,13,92.8125,0.010403259462407603
FCAT-B1,19/09/22,4,50,91.25,13,92.75,0.017468303769293425
FCAT-B10,16/03/23,3,NA,NA,NA,NA,NA
FCAT-B11,16/03/23,3,NA,NA,NA,NA,NA
FCAT-B12,16/03/23,3,NA,NA,NA,NA,NA
FCAT-B13,16/03/23,3,NA,NA,NA,NA,NA
FCAT-B14,16/03/23,4,NA,NA,NA,NA,NA
FCAT-B15,16/03/23,4,NA,NA,NA,NA,NA
FCAT-B16,16/03/23,4,NA,NA,NA,NA,NA
FCAT-B17,16/03/23,4,NA,NA,NA,NA,NA
FCAT-B2,08/09/22,1,62.5,98.75,9,88.25,0.0243691933910556
FCAT-B2,08/09/22,2,53.75,96.25,9,89.6875,0.012748360263890587
FCAT-B2,08/09/22,3,56.25,98.75,9,89.25,0.027157870349671313
FCAT-B2,08/09/22,4,56.25,96.25,9,86.5,0.02383298049489977
FCAT-B2,10/09/22,1,62.5,98.75,9,88.25,0.0243691933910556
FCAT-B2,10/09/22,2,53.75,96.25,9,89.6875,0.012748360263890587
FCAT-B2,10/09/22,3,56.25,98.75,9,89.25,0.027157870349671313
FCAT-B2,10/09/22,4,56.25,96.25,9,86.5,0.02383298049489977
FCAT-B2,13/09/22,1,62.5,98.75,9,88.25,0.0243691933910556
FCAT-B2,13/09/22,2,53.75,96.25,9,89.6875,0.012748360263890587
FCAT-B2,13/09/22,3,56.25,98.75,9,89.25,0.027157870349671313
FCAT-B2,13/09/22,4,56.25,96.25,9,86.5,0.02383298049489977
FCAT-B2,16/01/23,1,77.5,63.75,9,88.25,0.0243691933910556
FCAT-B2,16/01/23,2,63.75,70,9,89.6875,0.012748360263890587
FCAT-B2,16/01/23,3,61.25,65,9,89.25,0.027157870349671313
FCAT-B2,16/01/23,4,52.5,77.5,9,86.5,0.02383298049489977
FCAT-B2,18/01/23,1,77.5,63.75,9,88.25,0.0243691933910556
FCAT-B2,18/01/23,2,63.75,70,9,89.6875,0.012748360263890587
FCAT-B2,18/01/23,3,61.25,65,9,89.25,0.027157870349671313
FCAT-B2,18/01/23,4,52.5,77.5,9,86.5,0.02383298049489977
FCAT-B2,20/01/23,1,77.5,63.75,9,88.25,0.0243691933910556
FCAT-B2,20/01/23,2,63.75,70,9,89.6875,0.012748360263890587
FCAT-B2,20/01/23,3,61.25,65,9,89.25,0.027157870349671313
FCAT-B2,20/01/23,4,52.5,77.5,9,86.5,0.02383298049489977
FCAT-B3,01/12/22,1,50,90,12,93.875,0.007989347536617843
FCAT-B3,01/12/22,2,47.5,95,12,92.5,0.024274222676229695
FCAT-B3,01/12/22,3,63.75,95,12,91.75,0.010669700385532
FCAT-B3,01/12/22,4,40,96.25,12,90.625,0.01397580152052475
FCAT-B3,12/03/23,1,67.5,100,12,93.875,0.007989347536617843
FCAT-B3,12/03/23,2,76.25,70,12,92.5,0.024274222676229695
FCAT-B3,12/03/23,3,63.75,77.5,12,91.75,0.010669700385532
FCAT-B3,12/03/23,4,72.5,58.75,12,90.625,0.01397580152052475
FCAT-B3,14/03/23,1,67.5,100,12,93.875,0.007989347536617843
FCAT-B3,14/03/23,2,76.25,70,12,92.5,0.024274222676229695
FCAT-B3,14/03/23,3,63.75,77.5,12,91.75,0.010669700385532
FCAT-B3,14/03/23,4,72.5,58.75,12,90.625,0.01397580152052475
FCAT-B3,16/03/23,1,70,100,12,93.875,0.007989347536617843
FCAT-B3,27/11/22,1,50,90,12,93.875,0.007989347536617843
FCAT-B3,27/11/22,2,47.5,95,12,92.5,0.024274222676229695
FCAT-B3,27/11/22,3,63.75,95,12,91.75,0.010669700385532
FCAT-B3,27/11/22,4,40,96.25,12,90.625,0.01397580152052475
FCAT-B3,29/11/22,1,50,90,12,93.875,0.007989347536617843
FCAT-B3,29/11/22,2,47.5,95,12,92.5,0.024274222676229695
FCAT-B3,29/11/22,3,63.75,95,12,91.75,0.010669700385532
FCAT-B3,29/11/22,4,40,96.25,12,90.625,0.01397580152052475
FCAT-B4,16/03/23,1,NA,NA,NA,NA,NA
FCAT-B5,16/03/23,1,NA,NA,NA,NA,NA
FCAT-B6,16/03/23,2,NA,NA,NA,NA,NA
FCAT-B7,16/03/23,2,NA,NA,NA,NA,NA
FCAT-B8,16/03/23,2,NA,NA,NA,NA,NA
FCAT-B9,16/03/23,2,NA,NA,NA,NA,NA
FCAT-V1,09/01/23,1,60,77.5,13,93.5,0.01091572969154714
FCAT-V1,09/01/23,2,52.5,72.5,13,92.3125,0.02090460153808966
FCAT-V1,09/01/23,3,66.25,83.75,13,90.5625,0.028454835235456596
FCAT-V1,09/01/23,4,73.75,75,13,91.6875,0.0197093828149979
FCAT-V1,11/01/23,1,60,77.5,13,93.5,0.01091572969154714
FCAT-V1,11/01/23,2,52.5,72.5,13,92.3125,0.02090460153808966
FCAT-V1,11/01/23,3,66.25,83.75,13,90.5625,0.028454835235456596
FCAT-V1,11/01/23,4,73.75,75,13,91.6875,0.0197093828149979
FCAT-V1,13/01/23,1,60,77.5,13,93.5,0.01091572969154714
FCAT-V1,13/01/23,2,52.5,72.5,13,92.3125,0.02090460153808966
FCAT-V1,13/01/23,3,66.25,83.75,13,90.5625,0.028454835235456596
FCAT-V1,13/01/23,4,73.75,75,13,91.6875,0.0197093828149979
FCAT-V1,15/09/22,1,56.25,97.5,13,93.5,0.01091572969154714
FCAT-V1,15/09/22,2,47.5,96.25,13,92.3125,0.02090460153808966
FCAT-V1,15/09/22,3,55,92.5,13,90.5625,0.028454835235456596
FCAT-V1,15/09/22,4,56.25,100,13,91.6875,0.0197093828149979
FCAT-V1,17/09/22,1,56.25,97.5,13,93.5,0.01091572969154714
FCAT-V1,17/09/22,2,47.5,96.25,13,92.3125,0.02090460153808966
FCAT-V1,17/09/22,3,55,92.5,13,90.5625,0.028454835235456596
FCAT-V1,17/09/22,4,56.25,100,13,91.6875,0.0197093828149979
FCAT-V1,19/09/22,1,56.25,97.5,13,93.5,0.01091572969154714
FCAT-V1,19/09/22,2,47.5,96.25,13,92.3125,0.02090460153808966
FCAT-V1,19/09/22,3,55,92.5,13,90.5625,0.028454835235456596
FCAT-V1,19/09/22,4,56.25,100,13,91.6875,0.0197093828149979
FCAT-V2,08/09/22,1,66.25,100,9,89.875,0.01999430565864425
FCAT-V2,08/09/22,2,58.75,95,9,88.6875,0.028130077293723663
FCAT-V2,08/09/22,3,52.5,96.25,9,88.1875,0.039982372781554504
FCAT-V2,08/09/22,4,57.5,87.5,9,87.6875,0.027873622002494585
FCAT-V2,10/09/22,1,66.25,100,9,89.875,0.01999430565864425
FCAT-V2,10/09/22,2,58.75,95,9,88.6875,0.028130077293723663
FCAT-V2,10/09/22,3,52.5,96.25,9,88.1875,0.039982372781554504
FCAT-V2,10/09/22,4,57.5,87.5,9,87.6875,0.027873622002494585
FCAT-V2,13/09/22,1,66.25,100,9,89.875,0.01999430565864425
FCAT-V2,13/09/22,2,58.75,95,9,88.6875,0.028130077293723663
FCAT-V2,13/09/22,3,52.5,96.25,9,88.1875,0.039982372781554504
FCAT-V2,13/09/22,4,57.5,87.5,9,87.6875,0.027873622002494585
FCAT-V2,16/01/23,1,61.25,82.5,9,89.875,0.01999430565864425
FCAT-V2,16/01/23,2,43.75,92.5,9,88.6875,0.028130077293723663
FCAT-V2,16/01/23,3,33.75,100,9,88.1875,0.039982372781554504
FCAT-V2,16/01/23,4,67.5,93.75,9,87.6875,0.027873622002494585
FCAT-V2,18/01/23,1,61.25,82.5,9,89.875,0.01999430565864425
FCAT-V2,18/01/23,2,43.75,92.5,9,88.6875,0.028130077293723663
FCAT-V2,18/01/23,3,33.75,100,9,88.1875,0.039982372781554504
FCAT-V2,18/01/23,4,67.5,93.75,9,87.6875,0.027873622002494585
FCAT-V2,20/01/23,1,61.25,82.5,9,89.875,0.01999430565864425
FCAT-V2,20/01/23,2,43.75,92.5,9,88.6875,0.028130077293723663
FCAT-V2,20/01/23,3,33.75,100,9,88.1875,0.039982372781554504
FCAT-V2,20/01/23,4,67.5,93.75,9,87.6875,0.027873622002494585
FLL-B,03/10/22,1,58.75,92.5,14,89.125,0.02734023659132949
FLL-B,03/10/22,2,55,96.25,14,88.0625,0.028234736215444887
FLL-B,03/10/22,3,47.5,91.25,14,86.5,0.07729975771066479
FLL-B,03/10/22,4,65,96.25,14,82.125,0.11050130472694444
FLL-B,05/10/22,1,58.75,92.5,14,89.125,0.02734023659132949
FLL-B,05/10/22,2,55,96.25,14,88.0625,0.028234736215444887
FLL-B,05/10/22,3,47.5,91.25,14,86.5,0.07729975771066479
FLL-B,05/10/22,4,65,96.25,14,82.125,0.11050130472694444
FLL-B,07/02/23,1,37.5,100,14,89.125,0.02734023659132949
FLL-B,07/02/23,2,43.75,92.5,14,88.0625,0.028234736215444887
FLL-B,07/02/23,3,52.5,57.5,14,86.5,0.07729975771066479
FLL-B,07/02/23,4,48.75,55,14,82.125,0.11050130472694444
FLL-B,07/10/22,1,58.75,92.5,14,89.125,0.02734023659132949
FLL-B,07/10/22,2,55,96.25,14,88.0625,0.028234736215444887
FLL-B,07/10/22,3,47.5,91.25,14,86.5,0.07729975771066479
FLL-B,07/10/22,4,65,96.25,14,82.125,0.11050130472694444
FLL-B,09/02/23,1,37.5,100,14,89.125,0.02734023659132949
FLL-B,09/02/23,2,43.75,92.5,14,88.0625,0.028234736215444887
FLL-B,09/02/23,3,52.5,57.5,14,86.5,0.07729975771066479
FLL-B,09/02/23,4,48.75,55,14,82.125,0.11050130472694444
FLL-B,11/02/23,1,37.5,100,14,89.125,0.02734023659132949
FLL-B,11/02/23,2,43.75,92.5,14,88.0625,0.028234736215444887
FLL-B,11/02/23,3,52.5,57.5,14,86.5,0.07729975771066479
FLL-B,11/02/23,4,48.75,55,14,82.125,0.11050130472694444
FLL-C,03/10/22,1,8.75,58.75,14,87.875,0.047235313059885334
FLL-C,03/10/22,2,7.5,76.25,14,73.0625,0.2874302415125995
FLL-C,03/10/22,3,12.5,86.25,14,74.1875,0.2441894155208574
FLL-C,03/10/22,4,20,70,14,63.75,0.2844691934638766
FLL-C,05/10/22,1,8.75,58.75,14,87.875,0.047235313059885334
FLL-C,05/10/22,2,7.5,76.25,14,73.0625,0.2874302415125995
FLL-C,05/10/22,3,12.5,86.25,14,74.1875,0.2441894155208574
FLL-C,05/10/22,4,20,70,14,63.75,0.2844691934638766
FLL-C,07/10/22,1,8.75,58.75,14,87.875,0.047235313059885334
FLL-C,07/10/22,2,7.5,76.25,14,73.0625,0.2874302415125995
FLL-C,07/10/22,3,12.5,86.25,14,74.1875,0.2441894155208574
FLL-C,07/10/22,4,20,70,14,63.75,0.2844691934638766
FLL-C,08/02/23,1,11.25,41.25,14,87.875,0.047235313059885334
FLL-C,08/02/23,2,22.5,38.75,14,73.0625,0.2874302415125995
FLL-C,08/02/23,3,53.75,46.25,14,74.1875,0.2441894155208574
FLL-C,08/02/23,4,100,12.5,14,63.75,0.2844691934638766
FLL-C,10/02/23,1,11.25,41.25,14,87.875,0.047235313059885334
FLL-C,10/02/23,2,22.5,38.75,14,73.0625,0.2874302415125995
FLL-C,10/02/23,3,53.75,46.25,14,74.1875,0.2441894155208574
FLL-C,10/02/23,4,100,12.5,14,63.75,0.2844691934638766
FLL-C,12/02/23,1,11.25,41.25,14,87.875,0.047235313059885334
FLL-C,12/02/23,2,22.5,38.75,14,73.0625,0.2874302415125995
FLL-C,12/02/23,3,53.75,46.25,14,74.1875,0.2441894155208574
FLL-C,12/02/23,4,100,12.5,14,63.75,0.2844691934638766
FLL-V,03/10/22,1,11.25,100,14,92.875,0.008927657578345625
FLL-V,03/10/22,2,37.5,100,14,89.6875,0.028822443427170455
FLL-V,03/10/22,3,30,30,14,93.0625,0.005956630712178228
FLL-V,03/10/22,4,50,93.75,14,91.3125,0.02786472213693274
FLL-V,05/10/22,1,11.25,100,14,92.875,0.008927657578345625
FLL-V,05/10/22,2,37.5,100,14,89.6875,0.028822443427170455
FLL-V,05/10/22,3,30,30,14,93.0625,0.005956630712178228
FLL-V,05/10/22,4,50,93.75,14,91.3125,0.02786472213693274
FLL-V,07/02/23,1,11.25,100,14,92.875,0.008927657578345625
FLL-V,07/02/23,2,62.5,100,14,89.6875,0.028822443427170455
FLL-V,07/02/23,3,48.75,86.25,14,93.0625,0.005956630712178228
FLL-V,07/02/23,4,73.75,77.5,14,91.3125,0.02786472213693274
FLL-V,07/10/22,1,11.25,100,14,92.875,0.008927657578345625
FLL-V,07/10/22,2,37.5,100,14,89.6875,0.028822443427170455
FLL-V,07/10/22,3,30,30,14,93.0625,0.005956630712178228
FLL-V,07/10/22,4,50,93.75,14,91.3125,0.02786472213693274
FLL-V,09/02/23,1,11.25,100,14,92.875,0.008927657578345625
FLL-V,09/02/23,2,62.5,100,14,89.6875,0.028822443427170455
FLL-V,09/02/23,3,48.75,86.25,14,93.0625,0.005956630712178228
FLL-V,09/02/23,4,73.75,77.5,14,91.3125,0.02786472213693274
FLL-V,11/02/23,1,11.25,100,14,92.875,0.008927657578345625
FLL-V,11/02/23,2,62.5,100,14,89.6875,0.028822443427170455
FLL-V,11/02/23,3,48.75,86.25,14,93.0625,0.005956630712178228
FLL-V,11/02/23,4,73.75,77.5,14,91.3125,0.02786472213693274
GP-C,17/03/23,1,100,2.5,11,34.5,1.0436963003545625
GP-C,17/03/23,2,100,11.25,11,63.6375,0.3157207698634268
GP-C,17/03/23,3,100,18.75,11,57.25,0.17958874756935456
GP-C,17/03/23,4,100,10,11,47.375,0.6545592209511665
GP-C,19/03/23,1,100,2.5,11,34.5,1.0436963003545625
GP-C,19/03/23,2,100,11.25,11,63.6375,0.3157207698634268
GP-C,19/03/23,3,100,18.75,11,57.25,0.17958874756935456
GP-C,19/03/23,4,100,10,11,47.375,0.6545592209511665
GP-C,21/03/23,1,100,2.5,11,34.5,1.0436963003545625
GP-C,21/03/23,2,100,11.25,11,63.6375,0.3157207698634268
GP-C,21/03/23,3,100,18.75,11,57.25,0.17958874756935456
GP-C,21/03/23,4,100,10,11,47.375,0.6545592209511665
GP-C,21/11/22,1,37.5,37.5,11,34.5,1.0436963003545625
GP-C,21/11/22,2,27.5,61.25,11,63.6375,0.3157207698634268
GP-C,21/11/22,3,5,36.25,11,57.25,0.17958874756935456
GP-C,21/11/22,4,1.25,30,11,47.375,0.6545592209511665
GP-C,23/11/22,1,37.5,37.5,11,34.5,1.0436963003545625
GP-C,23/11/22,2,27.5,61.25,11,63.6375,0.3157207698634268
GP-C,23/11/22,3,5,36.25,11,57.25,0.17958874756935456
GP-C,23/11/22,4,1.25,30,11,47.375,0.6545592209511665
GP-C,25/11/22,1,37.5,37.5,11,34.5,1.0436963003545625
GP-C,25/11/22,2,27.5,61.25,11,63.6375,0.3157207698634268
GP-C,25/11/22,3,5,36.25,11,57.25,0.17958874756935456
GP-C,25/11/22,4,1.25,30,11,47.375,0.6545592209511665
GP-N,17/03/23,1,76.25,51.25,11,62.6875,0.30614291150009626
GP-N,17/03/23,2,15,83.75,11,75.375,0.22803708704662146
GP-N,17/03/23,3,52.5,45,11,73.5625,0.07952590847982056
GP-N,17/03/23,4,73.75,33.75,11,56.9375,0.5878549601561401
GP-N,19/03/23,1,76.25,51.25,11,62.6875,0.30614291150009626
GP-N,19/03/23,2,15,83.75,11,75.375,0.22803708704662146
GP-N,19/03/23,3,52.5,45,11,73.5625,0.07952590847982056
GP-N,19/03/23,4,73.75,33.75,11,56.9375,0.5878549601561401
GP-N,21/03/23,1,76.25,51.25,11,62.6875,0.30614291150009626
GP-N,21/03/23,2,15,83.75,11,75.375,0.22803708704662146
GP-N,21/03/23,3,52.5,45,11,73.5625,0.07952590847982056
GP-N,21/03/23,4,73.75,33.75,11,56.9375,0.5878549601561401
GP-N,21/11/22,1,68.75,55,11,62.6875,0.30614291150009626
GP-N,21/11/22,2,27.5,77.5,11,75.375,0.22803708704662146
GP-N,21/11/22,3,65,66.25,11,73.5625,0.07952590847982056
GP-N,21/11/22,4,72.5,66.25,11,56.9375,0.5878549601561401
GP-N,23/11/22,1,68.75,55,11,62.6875,0.30614291150009626
GP-N,23/11/22,2,27.5,77.5,11,75.375,0.22803708704662146
GP-N,23/11/22,3,65,66.25,11,73.5625,0.07952590847982056
GP-N,23/11/22,4,72.5,66.25,11,56.9375,0.5878549601561401
GP-N,25/11/22,1,68.75,55,11,62.6875,0.30614291150009626
GP-N,25/11/22,2,27.5,77.5,11,75.375,0.22803708704662146
GP-N,25/11/22,3,65,66.25,11,73.5625,0.07952590847982056
GP-N,25/11/22,4,72.5,66.25,11,56.9375,0.5878549601561401
JS-N,03/10/22,1,12.5,97.5,14,83.5625,0.06731488406881077
JS-N,03/10/22,2,3.75,87.5,14,83.25,0.10315654076467067
JS-N,03/10/22,3,1.25,97.5,14,87.625,0.09310795362100269
JS-N,03/10/22,4,0,88.75,14,77.875,0.179114815211086
JS-N,05/10/22,1,12.5,97.5,14,83.5625,0.06731488406881077
JS-N,05/10/22,2,3.75,87.5,14,83.25,0.10315654076467067
JS-N,05/10/22,3,1.25,97.5,14,87.625,0.09310795362100269
JS-N,05/10/22,4,0,88.75,14,77.875,0.179114815211086
JS-N,07/10/22,1,12.5,97.5,14,83.5625,0.06731488406881077
JS-N,07/10/22,2,3.75,87.5,14,83.25,0.10315654076467067
JS-N,07/10/22,3,1.25,97.5,14,87.625,0.09310795362100269
JS-N,07/10/22,4,0,88.75,14,77.875,0.179114815211086
JS-N,08/02/23,1,8.75,65,14,83.5625,0.06731488406881077
JS-N,08/02/23,2,13.75,66.25,14,83.25,0.10315654076467067
JS-N,08/02/23,3,3.75,67.5,14,87.625,0.09310795362100269
JS-N,08/02/23,4,6.25,77.5,14,77.875,0.179114815211086
JS-N,10/02/23,1,8.75,65,14,83.5625,0.06731488406881077
JS-N,10/02/23,2,13.75,66.25,14,83.25,0.10315654076467067
JS-N,10/02/23,3,3.75,67.5,14,87.625,0.09310795362100269
JS-N,10/02/23,4,6.25,77.5,14,77.875,0.179114815211086
JS-N,12/02/23,1,8.75,65,14,83.5625,0.06731488406881077
JS-N,12/02/23,2,13.75,66.25,14,83.25,0.10315654076467067
JS-N,12/02/23,3,3.75,67.5,14,87.625,0.09310795362100269
JS-N,12/02/23,4,6.25,77.5,14,77.875,0.179114815211086
JZ-C,02/09/22,1,11.25,12.5,8,66.1875,0.2743637396669292
JZ-C,02/09/22,2,60,2.5,8,62.8125,0.4040193104025341
JZ-C,02/09/22,3,86.25,5,8,24.9375,0.32990174637032993
JZ-C,02/09/22,4,86.25,3.75,8,28.875,0.6965797085891144
JZ-C,05/09/22,1,1.25,22.5,8,66.1875,0.2743637396669292
JZ-C,05/09/22,2,1.25,3.75,8,62.8125,0.4040193104025341
JZ-C,05/09/22,3,1.25,2.5,8,24.9375,0.32990174637032993
JZ-C,05/09/22,4,6.25,3.75,8,28.875,0.6965797085891144
JZ-C,07/09/22,1,1.25,22.5,8,66.1875,0.2743637396669292
JZ-C,07/09/22,2,1.25,3.75,8,62.8125,0.4040193104025341
JZ-C,07/09/22,3,1.25,2.5,8,24.9375,0.32990174637032993
JZ-C,07/09/22,4,6.25,3.75,8,28.875,0.6965797085891144
JZ-C,10/01/23,1,22.5,18.75,8,66.1875,0.2743637396669292
JZ-C,10/01/23,2,42.5,8.75,8,62.8125,0.4040193104025341
JZ-C,10/01/23,3,20,23.75,8,24.9375,0.32990174637032993
JZ-C,10/01/23,4,72.5,13.75,8,28.875,0.6965797085891144
JZ-C,12/01/23,1,22.5,18.75,8,66.1875,0.2743637396669292
JZ-C,12/01/23,2,42.5,8.75,8,62.8125,0.4040193104025341
JZ-C,12/01/23,3,20,23.75,8,24.9375,0.32990174637032993
JZ-C,12/01/23,4,72.5,13.75,8,28.875,0.6965797085891144
JZ-C,14/01/23,1,22.5,18.75,8,66.1875,0.2743637396669292
JZ-C,14/01/23,2,42.5,8.75,8,62.8125,0.4040193104025341
JZ-C,14/01/23,3,20,23.75,8,24.9375,0.32990174637032993
JZ-C,14/01/23,4,72.5,13.75,8,28.875,0.6965797085891144
JZ-N,02/09/22,1,68.75,28.75,8,81.9375,0.11086268374690565
JZ-N,02/09/22,2,76.25,61.25,8,63.0625,0.22274111230048094
JZ-N,02/09/22,3,67.5,70,8,64.8125,0.3032220862860362
JZ-N,02/09/22,4,47.5,71.25,8,79.5,0.16046982166255438
JZ-N,05/09/22,1,68.75,28.75,8,81.9375,0.11086268374690565
JZ-N,05/09/22,2,76.25,61.25,8,63.0625,0.22274111230048094
JZ-N,05/09/22,3,67.5,70,8,64.8125,0.3032220862860362
JZ-N,05/09/22,4,48.75,73.75,8,79.5,0.16046982166255438
JZ-N,07/09/22,1,68.75,28.75,8,81.9375,0.11086268374690565
JZ-N,07/09/22,2,76.25,61.25,8,63.0625,0.22274111230048094
JZ-N,07/09/22,3,67.5,70,8,64.8125,0.3032220862860362
JZ-N,07/09/22,4,48.75,73.75,8,79.5,0.16046982166255438
JZ-N,10/01/23,1,35,57.5,8,81.9375,0.11086268374690565
JZ-N,10/01/23,2,87.5,52.5,8,63.0625,0.22274111230048094
JZ-N,10/01/23,3,100,15,8,64.8125,0.3032220862860362
JZ-N,10/01/23,4,63.75,38.75,8,79.5,0.16046982166255438
JZ-N,12/01/23,1,35,57.5,8,81.9375,0.11086268374690565
JZ-N,12/01/23,2,87.5,52.5,8,63.0625,0.22274111230048094
JZ-N,12/01/23,3,100,15,8,64.8125,0.3032220862860362
JZ-N,12/01/23,4,63.75,38.75,8,79.5,0.16046982166255438
JZ-N,14/01/23,1,35,57.5,8,81.9375,0.11086268374690565
JZ-N,14/01/23,2,87.5,52.5,8,63.0625,0.22274111230048094
JZ-N,14/01/23,3,100,15,8,64.8125,0.3032220862860362
JZ-N,14/01/23,4,63.75,38.75,8,79.5,0.16046982166255438
JZJ-C,09/09/22,1,0,5,1,25,0.6042626360559896
JZJ-C,09/09/22,2,3.75,5,1,18,0.539466090270223
JZJ-C,09/09/22,3,10,15,1,19.6875,0.45127033445156345
JZJ-C,09/09/22,4,8.75,13.75,1,36.625,0.2911778232736026
JZJ-C,12/09/22,1,0,5,1,25,0.6042626360559896
JZJ-C,12/09/22,2,3.75,5,1,18,0.539466090270223
JZJ-C,12/09/22,3,10,15,1,19.6875,0.45127033445156345
JZJ-C,12/09/22,4,8.75,13.75,1,36.625,0.2911778232736026
JZJ-C,14/09/22,1,0,5,1,25,0.6042626360559896
JZJ-C,14/09/22,2,3.75,5,1,18,0.539466090270223
JZJ-C,14/09/22,3,10,15,1,19.6875,0.45127033445156345
JZJ-C,14/09/22,4,8.75,13.75,1,36.625,0.2911778232736026
JZJ-C,17/01/23,1,53.75,8.75,1,25,0.6042626360559896
JZJ-C,17/01/23,2,47.5,26.25,1,18,0.539466090270223
JZJ-C,17/01/23,3,100,38.75,1,19.6875,0.45127033445156345
JZJ-C,17/01/23,4,100,53.75,1,36.625,0.2911778232736026
JZJ-C,19/01/23,1,53.75,8.75,1,25,0.6042626360559896
JZJ-C,19/01/23,2,47.5,26.25,1,18,0.539466090270223
JZJ-C,19/01/23,3,100,38.75,1,19.6875,0.45127033445156345
JZJ-C,19/01/23,4,100,53.75,1,36.625,0.2911778232736026
JZJ-C,21/01/23,1,53.75,8.75,1,25,0.6042626360559896
JZJ-C,21/01/23,2,47.5,26.25,1,18,0.539466090270223
JZJ-C,21/01/23,3,100,38.75,1,19.6875,0.45127033445156345
JZJ-C,21/01/23,4,100,53.75,1,36.625,0.2911778232736026
LG-C,04/03/23,1,77.5,21.25,3,45.25,0.45162155398200676
LG-C,04/03/23,2,100,15,3,47.4375,0.16353569738998142
LG-C,04/03/23,3,100,8.75,3,26.8125,0.5049548651301189
LG-C,04/03/23,4,100,10,3,39.3125,0.2824166702166825
LG-C,06/03/23,1,77.5,21.25,3,45.25,0.45162155398200676
LG-C,06/03/23,2,100,15,3,47.4375,0.16353569738998142
LG-C,06/03/23,3,100,8.75,3,26.8125,0.5049548651301189
LG-C,06/03/23,4,100,10,3,39.3125,0.2824166702166825
LG-C,08/03/23,1,77.5,21.25,3,45.25,0.45162155398200676
LG-C,08/03/23,2,100,15,3,47.4375,0.16353569738998142
LG-C,08/03/23,3,100,8.75,3,26.8125,0.5049548651301189
LG-C,08/03/23,4,100,10,3,39.3125,0.2824166702166825
LG-C,15/11/22,1,0,86.25,3,45.25,0.45162155398200676
LG-C,15/11/22,2,0,77.5,3,47.4375,0.16353569738998142
LG-C,15/11/22,3,0,61.25,3,26.8125,0.5049548651301189
LG-C,15/11/22,4,2.5,57.5,3,39.3125,0.2824166702166825
LG-C,17/11/22,1,0,86.25,3,45.25,0.45162155398200676
LG-C,17/11/22,2,0,77.5,3,47.4375,0.16353569738998142
LG-C,17/11/22,3,0,61.25,3,26.8125,0.5049548651301189
LG-C,17/11/22,4,2.5,57.5,3,39.3125,0.2824166702166825
LG-C,19/11/22,1,0,86.25,3,45.25,0.45162155398200676
LG-C,19/11/22,2,0,77.5,3,47.4375,0.16353569738998142
LG-C,19/11/22,3,0,61.25,3,26.8125,0.5049548651301189
LG-C,19/11/22,4,2.5,57.5,3,39.3125,0.2824166702166825
LG-N,04/03/23,1,100,12.5,3,51.25,0.40083197237412954
LG-N,04/03/23,2,100,13.75,3,46.375,0.49324427132415505
LG-N,04/03/23,3,100,22.5,3,67.6875,0.11626529589762001
LG-N,04/03/23,4,100,5,3,42.0625,0.5085661285896411
LG-N,06/03/23,1,100,12.5,3,51.25,0.40083197237412954
LG-N,06/03/23,2,100,13.75,3,46.375,0.49324427132415505
LG-N,06/03/23,3,100,22.5,3,67.6875,0.11626529589762001
LG-N,06/03/23,4,100,5,3,42.0625,0.5085661285896411
LG-N,08/03/23,1,100,12.5,3,51.25,0.40083197237412954
LG-N,08/03/23,2,100,13.75,3,46.375,0.49324427132415505
LG-N,08/03/23,3,100,22.5,3,67.6875,0.11626529589762001
LG-N,08/03/23,4,100,5,3,42.0625,0.5085661285896411
LG-N,15/11/22,1,1.25,77.5,3,51.25,0.40083197237412954
LG-N,15/11/22,2,5,46.25,3,46.375,0.49324427132415505
LG-N,15/11/22,3,0,68.75,3,67.6875,0.11626529589762001
LG-N,15/11/22,4,0,48.75,3,42.0625,0.5085661285896411
LG-N,17/11/22,1,1.25,77.5,3,51.25,0.40083197237412954
LG-N,17/11/22,2,5,46.25,3,46.375,0.49324427132415505
LG-N,17/11/22,3,0,68.75,3,67.6875,0.11626529589762001
LG-N,17/11/22,4,0,48.75,3,42.0625,0.5085661285896411
LG-N,19/11/22,1,1.25,77.5,3,51.25,0.40083197237412954
LG-N,19/11/22,2,5,46.25,3,46.375,0.49324427132415505
LG-N,19/11/22,3,0,68.75,3,67.6875,0.11626529589762001
LG-N,19/11/22,4,0,48.75,3,42.0625,0.5085661285896411
LL-C,01/09/22,1,0,57.5,7,61.375,0.641919525097984
LL-C,01/09/22,2,0,53.75,7,41.8125,0.6776759266947177
LL-C,01/09/22,3,2.5,46.25,7,46.1875,0.5882437960864427
LL-C,01/09/22,4,3.75,28.75,7,16.5625,0.5275646248270758
LL-C,03/09/22,1,0,57.5,7,61.375,0.641919525097984
LL-C,03/09/22,2,0,53.75,7,41.8125,0.6776759266947177
LL-C,03/09/22,3,2.5,46.25,7,46.1875,0.5882437960864427
LL-C,03/09/22,4,3.75,28.75,7,16.5625,0.5275646248270758
LL-C,06/09/22,1,0,57.5,7,61.375,0.641919525097984
LL-C,06/09/22,2,0,53.75,7,41.8125,0.6776759266947177
LL-C,06/09/22,3,2.5,46.25,7,46.1875,0.5882437960864427
LL-C,06/09/22,4,3.75,28.75,7,16.5625,0.5275646248270758
LL-C,23/01/23,1,2.5,35,7,61.375,0.641919525097984
LL-C,23/01/23,2,23.75,58.75,7,41.8125,0.6776759266947177
LL-C,23/01/23,3,30,47.5,7,46.1875,0.5882437960864427
LL-C,23/01/23,4,16.25,22.5,7,16.5625,0.5275646248270758
LL-C,25/01/23,1,2.5,35,7,61.375,0.641919525097984
LL-C,25/01/23,2,23.75,58.75,7,41.8125,0.6776759266947177
LL-C,25/01/23,3,30,47.5,7,46.1875,0.5882437960864427
LL-C,25/01/23,4,16.25,22.5,7,16.5625,0.5275646248270758
LL-C,27/01/23,1,2.5,35,7,61.375,0.641919525097984
LL-C,27/01/23,2,23.75,58.75,7,41.8125,0.6776759266947177
LL-C,27/01/23,3,30,47.5,7,46.1875,0.5882437960864427
LL-C,27/01/23,4,16.25,22.5,7,16.5625,0.5275646248270758
LL-N,01/09/22,1,68.75,21.25,7,57.25,0.4596437212826327
LL-N,01/09/22,2,90,20,7,49.75,0.53476089005437355
LL-N,01/09/22,3,41.25,61.25,7,64,0.43099941768739664
LL-N,01/09/22,4,43.75,68.75,7,63.375,0.4348743426496191
LL-N,03/09/22,1,7.5,23.75,7,57.25,0.4596437212826327
LL-N,03/09/22,2,7.5,20,7,49.75,0.53476089005437355
LL-N,03/09/22,3,3.75,61.25,7,64,0.43099941768739664
LL-N,03/09/22,4,6.25,68.75,7,63.375,0.4348743426496191
LL-N,06/09/22,1,7.5,23.75,7,57.25,0.4596437212826327
LL-N,06/09/22,2,7.5,20,7,49.75,0.53476089005437355
LL-N,06/09/22,3,3.75,61.25,7,64,0.43099941768739664
LL-N,06/09/22,4,6.25,68.75,7,63.375,0.4348743426496191
LL-N,23/01/23,1,5,32.5,7,57.25,0.4596437212826327
LL-N,23/01/23,2,52.5,18.75,7,49.75,0.53476089005437355
LL-N,23/01/23,3,10,58.75,7,64,0.43099941768739664
LL-N,23/01/23,4,46.25,20,7,63.375,0.4348743426496191
LL-N,25/01/23,1,5,32.5,7,57.25,0.4596437212826327
LL-N,25/01/23,2,52.5,18.75,7,49.75,0.53476089005437355
LL-N,25/01/23,3,10,58.75,7,64,0.43099941768739664
LL-N,25/01/23,4,46.25,20,7,63.375,0.4348743426496191
LL-N,27/01/23,1,5,32.5,7,57.25,0.4596437212826327
LL-N,27/01/23,2,52.5,18.75,7,49.75,0.53476089005437355
LL-N,27/01/23,3,10,58.75,7,64,0.43099941768739664
LL-N,27/01/23,4,46.25,20,7,63.375,0.4348743426496191
PM-C,05/03/23,1,1.25,41.25,2,41.625,0.5754597959889314
PM-C,05/03/23,2,13.75,27.5,2,57.9375,0.09060632482966403
PM-C,05/03/23,3,6.25,43.75,2,42,0.4461242348891219
PM-C,05/03/23,4,10,53.75,2,25.875,0.4847957067971154
PM-C,07/03/23,1,1.25,41.25,2,41.625,0.5754597959889314
PM-C,07/03/23,2,13.75,27.5,2,57.9375,0.09060632482966403
PM-C,07/03/23,3,6.25,43.75,2,42,0.4461242348891219
PM-C,07/03/23,4,10,53.75,2,25.875,0.4847957067971154
PM-C,09/03/23,1,1.25,41.25,2,41.625,0.5754597959889314
PM-C,09/03/23,2,13.75,27.5,2,57.9375,0.09060632482966403
PM-C,09/03/23,3,6.25,43.75,2,42,0.4461242348891219
PM-C,09/03/23,4,10,53.75,2,25.875,0.4847957067971154
PM-C,22/11/22,1,5,10,2,41.625,0.5754597959889314
PM-C,22/11/22,2,2.5,11.25,2,57.9375,0.09060632482966403
PM-C,22/11/22,3,0,30,2,42,0.4461242348891219
PM-C,22/11/22,4,0,22.5,2,25.875,0.4847957067971154
PM-C,24/11/22,1,5,10,2,41.625,0.5754597959889314
PM-C,24/11/22,2,2.5,11.25,2,57.9375,0.09060632482966403
PM-C,24/11/22,3,0,30,2,42,0.4461242348891219
PM-C,24/11/22,4,0,22.5,2,25.875,0.4847957067971154
PM-C,26/11/22,1,5,10,2,41.625,0.5754597959889314
PM-C,26/11/22,2,2.5,11.25,2,57.9375,0.09060632482966403
PM-C,26/11/22,3,0,30,2,42,0.4461242348891219
PM-C,26/11/22,4,0,22.5,2,25.875,0.4847957067971154
PM-N,05/03/23,1,8.75,26.25,2,43.5,0.3117253246510487
PM-N,05/03/23,2,18.75,52.5,2,72.4375,0.10458201949612948
PM-N,05/03/23,3,5,75,2,68.1875,0.3512745815635367
PM-N,05/03/23,4,23.75,47.5,2,60.125,0.3740740454651232
PM-N,07/03/23,1,8.75,26.25,2,43.5,0.3117253246510487
PM-N,07/03/23,2,18.75,52.5,2,72.4375,0.10458201949612948
PM-N,07/03/23,3,5,75,2,68.1875,0.3512745815635367
PM-N,07/03/23,4,23.75,47.5,2,60.125,0.3740740454651232
PM-N,09/03/23,1,8.75,26.25,2,43.5,0.3117253246510487
PM-N,09/03/23,2,18.75,52.5,2,72.4375,0.10458201949612948
PM-N,09/03/23,3,5,75,2,68.1875,0.3512745815635367
PM-N,09/03/23,4,23.75,47.5,2,60.125,0.3740740454651232
PM-N,22/11/22,1,0,30,2,43.5,0.3117253246510487
PM-N,22/11/22,2,3.75,70,2,72.4375,0.10458201949612948
PM-N,22/11/22,3,3.75,42.5,2,68.1875,0.3512745815635367
PM-N,22/11/22,4,15,33.75,2,60.125,0.3740740454651232
PM-N,24/11/22,1,0,30,2,43.5,0.3117253246510487
PM-N,24/11/22,2,3.75,70,2,72.4375,0.10458201949612948
PM-N,24/11/22,3,3.75,42.5,2,68.1875,0.3512745815635367
PM-N,24/11/22,4,15,33.75,2,60.125,0.3740740454651232
PM-N,26/11/22,1,0,30,2,43.5,0.3117253246510487
PM-N,26/11/22,2,3.75,70,2,72.4375,0.10458201949612948
PM-N,26/11/22,3,3.75,42.5,2,68.1875,0.3512745815635367
PM-N,26/11/22,4,15,33.75,2,60.125,0.3740740454651232
PV-N,02/12/22,1,21.25,53.75,10,68,0.34480512022627513
PV-N,02/12/22,2,8.75,67.5,10,69.5,0.3059739661709758
PV-N,02/12/22,3,5,77.5,10,74.3125,0.08117697905475967
PV-N,02/12/22,4,7.5,77.5,10,70.375,0.17505549647814572
PV-N,11/03/23,1,40,93.75,10,68,0.34480512022627513
PV-N,11/03/23,2,31.25,77.5,10,69.5,0.3059739661709758
PV-N,11/03/23,3,15,82.5,10,74.3125,0.08117697905475967
PV-N,11/03/23,4,26.25,86.25,10,70.375,0.17505549647814572
PV-N,13/03/23,1,40,93.75,10,68,0.34480512022627513
PV-N,13/03/23,2,31.25,77.5,10,69.5,0.3059739661709758
PV-N,13/03/23,3,15,82.5,10,74.3125,0.08117697905475967
PV-N,13/03/23,4,26.25,86.25,10,70.375,0.17505549647814572
PV-N,15/03/23,1,40,93.75,10,68,0.34480512022627513
PV-N,15/03/23,2,31.25,77.5,10,69.5,0.3059739661709758
PV-N,15/03/23,3,15,82.5,10,74.3125,0.08117697905475967
PV-N,15/03/23,4,26.25,86.25,10,70.375,0.17505549647814572
PV-N,28/11/22,1,7.5,57.5,10,68,0.34480512022627513
PV-N,28/11/22,2,8.75,67.5,10,69.5,0.3059739661709758
PV-N,28/11/22,3,5,77.5,10,74.3125,0.08117697905475967
PV-N,28/11/22,4,7.5,77.5,10,70.375,0.17505549647814572
PV-N,30/11/22,1,21.25,53.75,10,68,0.34480512022627513
PV-N,30/11/22,2,8.75,67.5,10,69.5,0.3059739661709758
PV-N,30/11/22,3,5,77.5,10,74.3125,0.08117697905475967
PV-N,30/11/22,4,7.5,77.5,10,70.375,0.17505549647814572
VC-C,02/12/22,1,0,15,10,25,1.0298543586352393
VC-C,02/12/22,2,5,18.75,10,16.25,0.8461072248228565
VC-C,02/12/22,3,0,22.5,10,37.9375,0.18873151224539947
VC-C,02/12/22,4,3.75,36.25,10,40.6875,0.5340410970573046
VC-C,11/03/23,1,1.25,13.75,10,25,1.0298543586352393
VC-C,11/03/23,2,31.25,12.5,10,16.25,0.8461072248228565
VC-C,11/03/23,3,61.25,13.75,10,37.9375,0.18873151224539947
VC-C,11/03/23,4,73.75,23.75,10,40.6875,0.5340410970573046
VC-C,13/03/23,1,1.25,13.75,10,25,1.0298543586352393
VC-C,13/03/23,2,31.25,12.5,10,16.25,0.8461072248228565
VC-C,13/03/23,3,61.25,13.75,10,37.9375,0.18873151224539947
VC-C,13/03/23,4,73.75,23.75,10,40.6875,0.5340410970573046
VC-C,15/03/23,1,1.25,13.75,10,25,1.0298543586352393
VC-C,15/03/23,2,31.25,12.5,10,16.25,0.8461072248228565
VC-C,15/03/23,3,61.25,13.75,10,37.9375,0.18873151224539947
VC-C,15/03/23,4,73.75,23.75,10,40.6875,0.5340410970573046
VC-C,28/11/22,1,0,15,10,25,1.0298543586352393
VC-C,28/11/22,2,5,18.75,10,16.25,0.8461072248228565
VC-C,28/11/22,3,0,22.5,10,37.9375,0.18873151224539947
VC-C,28/11/22,4,3.75,36.25,10,40.6875,0.5340410970573046
VC-C,30/11/22,1,0,15,10,25,1.0298543586352393
VC-C,30/11/22,2,5,18.75,10,16.25,0.8461072248228565
VC-C,30/11/22,3,0,22.5,10,37.9375,0.18873151224539947
VC-C,30/11/22,4,3.75,36.25,10,40.6875,0.5340410970573046
VC-N,01/12/22,1,25,93.75,10,89.6875,0.008323564630508207
VC-N,01/12/22,2,21.25,88.75,10,83.9375,0.11832373705424429
VC-N,01/12/22,3,13.75,73.75,10,87.375,0.0414302463118235
VC-N,01/12/22,4,21.25,73.75,10,85.25,0.0316751744790218
VC-N,12/03/23,1,30,100,10,89.6875,0.008323564630508207
VC-N,12/03/23,2,60,68.75,10,83.9375,0.11832373705424429
VC-N,12/03/23,3,33.75,78.75,10,87.375,0.0414302463118235
VC-N,12/03/23,4,67.5,71.25,10,85.25,0.0316751744790218
VC-N,14/03/23,1,30,100,10,89.6875,0.008323564630508207
VC-N,14/03/23,2,60,68.75,10,83.9375,0.11832373705424429
VC-N,14/03/23,3,33.75,78.75,10,87.375,0.0414302463118235
VC-N,14/03/23,4,67.5,71.25,10,85.25,0.0316751744790218
VC-N,16/03/23,1,30,100,10,89.6875,0.008323564630508207
VC-N,16/03/23,2,60,68.75,10,83.9375,0.11832373705424429
VC-N,16/03/23,3,33.75,78.75,10,87.375,0.0414302463118235
VC-N,16/03/23,4,67.5,71.25,10,85.25,0.0316751744790218
VC-N,27/11/22,1,25,93.75,10,89.6875,0.008323564630508207
VC-N,27/11/22,2,21.25,88.75,10,83.9375,0.11832373705424429
VC-N,27/11/22,3,13.75,73.75,10,87.375,0.0414302463118235
VC-N,27/11/22,4,21.25,73.75,10,85.25,0.0316751744790218
VC-N,29/11/22,1,25,93.75,10,89.6875,0.008323564630508207
VC-N,29/11/22,2,21.25,88.75,10,83.9375,0.11832373705424429
VC-N,29/11/22,3,13.75,73.75,10,87.375,0.0414302463118235
VC-N,29/11/22,4,21.25,73.75,10,85.25,0.0316751744790218
