Sitio,Transecto,Fecha,num_ind,num_species,Tipo,tran_mean_veg,tran_mean_hoja,Pair,tran_mean_CC,tran_coef_var_CC,forest_cover_400,water_dist,veg_bins,hoja_bins,CC_bins,tran_mean_veg_scaled,tran_mean_hoja_scaled,tran_mean_CC_scaled,forest_cover_400_scaled,water_dist_scaled
AL-N,1,09/09/22,1,1,N,57.5,56.25,1,51.8125,0.35101496840517377,0.319,264,50-75,50-75,50-75,0.7779017607055099,0.2925112965973508,-0.254341268304206,-0.47190227282942904,0.5626307659805917
AL-N,1,12/09/22,3,1,N,57.5,56.25,1,51.8125,0.35101496840517377,0.319,264,50-75,50-75,50-75,0.7779017607055099,0.2925112965973508,-0.254341268304206,-0.47190227282942904,0.5626307659805917
AL-N,1,14/09/22,3,2,N,57.5,56.25,1,51.8125,0.35101496840517377,0.319,264,50-75,50-75,50-75,0.7779017607055099,0.2925112965973508,-0.254341268304206,-0.47190227282942904,0.5626307659805917
AL-N,1,17/01/23,1,1,N,100,51.25,1,51.8125,0.35101496840517377,0.319,264,95-100,50-75,50-75,2.042265038947729,0.11473176899631342,-0.254341268304206,-0.47190227282942904,0.5626307659805917
AL-N,1,19/01/23,2,1,N,100,51.25,1,51.8125,0.35101496840517377,0.319,264,95-100,50-75,50-75,2.042265038947729,0.11473176899631342,-0.254341268304206,-0.47190227282942904,0.5626307659805917
AL-N,2,09/09/22,4,1,N,27.5,67.5,1,74.4375,0.21328379219773852,0.319,264,25-50,50-75,50-75,-0.11458996511252734,0.6925152336996849,0.8310734761729702,-0.47190227282942904,0.5626307659805917
AL-N,2,12/09/22,2,1,N,27.5,67.5,1,74.4375,0.21328379219773852,0.319,264,25-50,50-75,50-75,-0.11458996511252734,0.6925152336996849,0.8310734761729702,-0.47190227282942904,0.5626307659805917
AL-N,2,14/09/22,1,1,N,27.5,67.5,1,74.4375,0.21328379219773852,0.319,264,25-50,50-75,50-75,-0.11458996511252734,0.6925152336996849,0.8310734761729702,-0.47190227282942904,0.5626307659805917
AL-N,2,21/01/23,1,1,N,46.25,55,1,74.4375,0.21328379219773852,0.319,264,25-50,50-75,50-75,0.4432173635237459,0.24806641469709145,0.8310734761729702,-0.47190227282942904,0.5626307659805917
AL-N,3,09/09/22,1,1,N,43.75,62.5,1,43.125,0.41216535183428266,0.319,264,25-50,50-75,25-50,0.36884305303890946,0.5147357060986476,-0.6711165431172654,-0.47190227282942904,0.5626307659805917
AL-N,3,12/09/22,1,1,N,43.75,62.5,1,43.125,0.41216535183428266,0.319,264,25-50,50-75,25-50,0.36884305303890946,0.5147357060986476,-0.6711165431172654,-0.47190227282942904,0.5626307659805917
AL-N,3,14/09/22,3,1,N,43.75,62.5,1,43.125,0.41216535183428266,0.319,264,25-50,50-75,25-50,0.36884305303890946,0.5147357060986476,-0.6711165431172654,-0.47190227282942904,0.5626307659805917
AL-N,3,19/01/23,3,2,N,65,95,1,43.125,0.41216535183428266,0.319,264,50-75,95-100,25-50,1.0010246921600192,1.6703026355053905,-0.6711165431172654,-0.47190227282942904,0.5626307659805917
AL-N,3,21/01/23,2,1,N,65,95,1,43.125,0.41216535183428266,0.319,264,50-75,95-100,25-50,1.0010246921600192,1.6703026355053905,-0.6711165431172654,-0.47190227282942904,0.5626307659805917
AL-N,4,09/09/22,1,1,N,76.25,32.5,1,61.125,0.265407845937139,0.319,264,75-95,25-50,50-75,1.3357090893417831,-0.5519414595075768,0.19241783922921735,-0.47190227282942904,0.5626307659805917
AL-N,4,12/09/22,2,1,N,76.25,32.5,1,61.125,0.265407845937139,0.319,264,75-95,25-50,50-75,1.3357090893417831,-0.5519414595075768,0.19241783922921735,-0.47190227282942904,0.5626307659805917
AL-N,4,14/09/22,1,1,N,76.25,32.5,1,61.125,0.265407845937139,0.319,264,75-95,25-50,50-75,1.3357090893417831,-0.5519414595075768,0.19241783922921735,-0.47190227282942904,0.5626307659805917
AL-N,4,17/01/23,1,1,N,100,16.25,1,61.125,0.265407845937139,0.319,264,95-100,10-25,50-75,2.042265038947729,-1.1297249242109484,0.19241783922921735,-0.47190227282942904,0.5626307659805917
AL-N,4,21/01/23,1,1,N,100,16.25,1,61.125,0.265407845937139,0.319,264,95-100,10-25,50-75,2.042265038947729,-1.1297249242109484,0.19241783922921735,-0.47190227282942904,0.5626307659805917
AZ-C,1,14/11/22,7,1,C,18.75,6.25,4,27.4375,0.25989414324502547,0.399,196,10-25,5-10,25-50,-0.37490005180945485,-1.485283979413023,-1.4237107443984014,0.2949933875397081,-0.065969402732601
AZ-C,1,16/11/22,7,2,C,18.75,6.25,4,27.4375,0.25989414324502547,0.399,196,10-25,5-10,25-50,-0.37490005180945485,-1.485283979413023,-1.4237107443984014,0.2949933875397081,-0.065969402732601
AZ-C,1,18/11/22,4,3,C,18.75,6.25,4,27.4375,0.25989414324502547,0.399,196,10-25,5-10,25-50,-0.37490005180945485,-1.485283979413023,-1.4237107443984014,0.2949933875397081,-0.065969402732601
AZ-C,2,14/11/22,1,1,C,5,8.75,4,4.5,0.5462178223612084,0.399,196,5-10,5-10,1-5,-0.7839587594760552,-1.3963942156125044,-2.5241174052357596,0.2949933875397081,-0.065969402732601
AZ-C,3,16/11/22,1,1,C,2.5,16.25,4,8.5,0.7800127168986701,0.399,196,1-5,10-25,5-10,-0.8583330699608916,-1.1297249242109484,-2.3322208758254304,0.2949933875397081,-0.065969402732601
AZ-C,3,18/11/22,3,1,C,2.5,16.25,4,8.5,0.7800127168986701,0.399,196,1-5,10-25,5-10,-0.8583330699608916,-1.1297249242109484,-2.3322208758254304,0.2949933875397081,-0.065969402732601
AZ-C,4,14/11/22,1,1,C,1.25,13.75,4,19.375,1.2205433133986139,0.399,196,1-5,10-25,10-25,-0.8955202252033099,-1.218614688011467,-1.8105021864910968,0.2949933875397081,-0.065969402732601
AZ-C,4,16/11/22,1,1,C,1.25,13.75,4,19.375,1.2205433133986139,0.399,196,1-5,10-25,10-25,-0.8955202252033099,-1.218614688011467,-1.8105021864910968,0.2949933875397081,-0.065969402732601
AZ-N,1,14/11/22,5,1,N,25,66.25,4,80.4375,0.12171248639249743,0.351,174,25-50,50-75,75-95,-0.18896427559736376,0.6480703517994256,1.1189182702884646,-0.1651440086817745,-0.2693400455515751
AZ-N,1,16/11/22,7,2,N,25,66.25,4,80.4375,0.12171248639249743,0.351,174,25-50,50-75,75-95,-0.18896427559736376,0.6480703517994256,1.1189182702884646,-0.1651440086817745,-0.2693400455515751
AZ-N,1,18/11/22,6,1,N,25,66.25,4,80.4375,0.12171248639249743,0.351,174,25-50,50-75,75-95,-0.18896427559736376,0.6480703517994256,1.1189182702884646,-0.1651440086817745,-0.2693400455515751
AZ-N,2,14/11/22,1,1,N,12.5,73.75,4,84.5,0.08195497686120999,0.351,174,10-25,50-75,75-95,-0.5608358280215459,0.9147396432009817,1.3138131829708304,-0.1651440086817745,-0.2693400455515751
AZ-N,2,16/11/22,2,2,N,12.5,73.75,4,84.5,0.08195497686120999,0.351,174,10-25,50-75,75-95,-0.5608358280215459,0.9147396432009817,1.3138131829708304,-0.1651440086817745,-0.2693400455515751
AZ-N,2,18/11/22,3,1,N,12.5,73.75,4,84.5,0.08195497686120999,0.351,174,10-25,50-75,75-95,-0.5608358280215459,0.9147396432009817,1.3138131829708304,-0.1651440086817745,-0.2693400455515751
AZ-N,3,14/11/22,2,1,N,13.75,75,4,82.0625,0.047416244984838936,0.351,174,10-25,75-95,75-95,-0.5236486727791277,0.9591845251012411,1.1968762353614109,-0.1651440086817745,-0.2693400455515751
AZ-N,3,16/11/22,2,2,N,13.75,75,4,82.0625,0.047416244984838936,0.351,174,10-25,75-95,75-95,-0.5236486727791277,0.9591845251012411,1.1968762353614109,-0.1651440086817745,-0.2693400455515751
AZ-N,3,18/11/22,4,1,N,13.75,75,4,82.0625,0.047416244984838936,0.351,174,10-25,75-95,75-95,-0.5236486727791277,0.9591845251012411,1.1968762353614109,-0.1651440086817745,-0.2693400455515751
AZ-N,4,14/11/22,1,1,N,8.75,73.75,4,83.5,0.03465819431973122,0.351,174,5-10,50-75,75-95,-0.6723972937488005,0.9147396432009817,1.265839050618248,-0.1651440086817745,-0.2693400455515751
AZ-N,4,16/11/22,1,1,N,8.75,73.75,4,83.5,0.03465819431973122,0.351,174,5-10,50-75,75-95,-0.6723972937488005,0.9147396432009817,1.265839050618248,-0.1651440086817745,-0.2693400455515751
DB-C,1,08/10/22,1,1,C,0,78.75,15,53.1875,0.22329972749968552,0.229,174,0,75-95,50-75,-0.9327073804457281,1.092519170802019,-0.18837683631940527,-1.3346598907447083,-0.2693400455515751
DB-C,1,10/10/22,4,2,C,0,78.75,15,53.1875,0.22329972749968552,0.229,174,0,75-95,50-75,-0.9327073804457281,1.092519170802019,-0.18837683631940527,-1.3346598907447083,-0.2693400455515751
DB-C,1,14/02/23,1,1,C,45,85,15,53.1875,0.22329972749968552,0.229,174,25-50,75-95,50-75,0.4060302082813277,1.3147435803033158,-0.18837683631940527,-1.3346598907447083,-0.2693400455515751
DB-C,1,16/02/23,5,3,C,1.25,88.75,15,53.1875,0.22329972749968552,0.229,174,1-5,75-95,50-75,-0.8955202252033099,1.4480782260040939,-0.18837683631940527,-1.3346598907447083,-0.2693400455515751
DB-C,1,18/02/23,5,2,C,1.25,88.75,15,53.1875,0.22329972749968552,0.229,174,1-5,75-95,50-75,-0.8955202252033099,1.4480782260040939,-0.18837683631940527,-1.3346598907447083,-0.2693400455515751
DB-C,2,08/10/22,3,1,C,2.5,76.25,15,47.375,0.3870752269457544,0.229,174,1-5,75-95,25-50,-0.8583330699608916,1.0036294070015004,-0.4672264806187903,-1.3346598907447083,-0.2693400455515751
DB-C,2,10/10/22,5,1,C,2.5,76.25,15,47.375,0.3870752269457544,0.229,174,1-5,75-95,25-50,-0.8583330699608916,1.0036294070015004,-0.4672264806187903,-1.3346598907447083,-0.2693400455515751
DB-C,2,12/10/22,4,1,C,2.5,76.25,15,47.375,0.3870752269457544,0.229,174,1-5,75-95,25-50,-0.8583330699608916,1.0036294070015004,-0.4672264806187903,-1.3346598907447083,-0.2693400455515751
DB-C,2,14/02/23,5,1,C,50,78.75,15,47.375,0.3870752269457544,0.229,174,50-75,75-95,25-50,0.5547788292510005,1.092519170802019,-0.4672264806187903,-1.3346598907447083,-0.2693400455515751
DB-C,2,16/02/23,10,4,C,2.5,86.25,15,47.375,0.3870752269457544,0.229,174,1-5,75-95,25-50,-0.8583330699608916,1.3591884622035753,-0.4672264806187903,-1.3346598907447083,-0.2693400455515751
DB-C,2,18/02/23,10,2,C,2.5,86.25,15,47.375,0.3870752269457544,0.229,174,1-5,75-95,25-50,-0.8583330699608916,1.3591884622035753,-0.4672264806187903,-1.3346598907447083,-0.2693400455515751
DB-C,3,08/10/22,2,1,C,0,42.5,15,27.9375,1.026300424370214,0.229,174,0,25-50,25-50,-0.9327073804457281,-0.19638240430550202,-1.3997236782221103,-1.3346598907447083,-0.2693400455515751
DB-C,3,10/10/22,4,2,C,0,42.5,15,27.9375,1.026300424370214,0.229,174,0,25-50,25-50,-0.9327073804457281,-0.19638240430550202,-1.3997236782221103,-1.3346598907447083,-0.2693400455515751
DB-C,3,12/10/22,1,1,C,0,42.5,15,27.9375,1.026300424370214,0.229,174,0,25-50,25-50,-0.9327073804457281,-0.19638240430550202,-1.3997236782221103,-1.3346598907447083,-0.2693400455515751
DB-C,3,14/02/23,4,3,C,53.75,75,15,27.9375,1.026300424370214,0.229,174,50-75,75-95,25-50,0.6663402949782552,0.9591845251012411,-1.3997236782221103,-1.3346598907447083,-0.2693400455515751
DB-C,3,16/02/23,3,2,C,0,90,15,27.9375,1.026300424370214,0.229,174,0,75-95,25-50,-0.9327073804457281,1.4925231079043533,-1.3997236782221103,-1.3346598907447083,-0.2693400455515751
DB-C,3,18/02/23,7,3,C,0,90,15,27.9375,1.026300424370214,0.229,174,0,75-95,25-50,-0.9327073804457281,1.4925231079043533,-1.3997236782221103,-1.3346598907447083,-0.2693400455515751
DB-C,4,08/10/22,2,2,C,2.5,40,15,28.6875,0.45900783963606373,0.229,174,1-5,25-50,25-50,-0.8583330699608916,-0.2852721681060207,-1.3637430789576734,-1.3346598907447083,-0.2693400455515751
DB-C,4,10/10/22,2,1,C,2.5,40,15,28.6875,0.45900783963606373,0.229,174,1-5,25-50,25-50,-0.8583330699608916,-0.2852721681060207,-1.3637430789576734,-1.3346598907447083,-0.2693400455515751
DB-C,4,12/10/22,1,1,C,2.5,40,15,28.6875,0.45900783963606373,0.229,174,1-5,25-50,25-50,-0.8583330699608916,-0.2852721681060207,-1.3637430789576734,-1.3346598907447083,-0.2693400455515751
DB-C,4,18/02/23,3,1,C,5,28.75,15,28.6875,0.45900783963606373,0.229,174,5-10,25-50,25-50,-0.7839587594760552,-0.6852761052083548,-1.3637430789576734,-1.3346598907447083,-0.2693400455515751
DB-N,1,08/10/22,6,2,N,2.5,90,15,67.625,0.07926003071293163,0.364,210,1-5,75-95,50-75,-0.8583330699608916,1.4925231079043533,0.5042496995210027,-0.04052346387178962,0.0634482790612916
DB-N,1,10/10/22,4,2,N,2.5,90,15,67.625,0.07926003071293163,0.364,210,1-5,75-95,50-75,-0.8583330699608916,1.4925231079043533,0.5042496995210027,-0.04052346387178962,0.0634482790612916
DB-N,1,12/10/22,2,2,N,2.5,90,15,67.625,0.07926003071293163,0.364,210,1-5,75-95,50-75,-0.8583330699608916,1.4925231079043533,0.5042496995210027,-0.04052346387178962,0.0634482790612916
DB-N,1,14/02/23,7,3,N,31.25,81.25,15,67.625,0.07926003071293163,0.364,210,25-50,75-95,50-75,-0.0030284993852726892,1.1814089346025378,0.5042496995210027,-0.04052346387178962,0.0634482790612916
DB-N,1,16/02/23,2,2,N,31.25,81.25,15,67.625,0.07926003071293163,0.364,210,25-50,75-95,50-75,-0.0030284993852726892,1.1814089346025378,0.5042496995210027,-0.04052346387178962,0.0634482790612916
DB-N,1,18/02/23,2,1,N,31.25,81.25,15,67.625,0.07926003071293163,0.364,210,25-50,75-95,50-75,-0.0030284993852726892,1.1814089346025378,0.5042496995210027,-0.04052346387178962,0.0634482790612916
DB-N,2,08/10/22,11,4,N,5,90,15,71.625,0.19273211437736157,0.364,210,5-10,75-95,50-75,-0.7839587594760552,1.4925231079043533,0.6961462289313323,-0.04052346387178962,0.0634482790612916
DB-N,2,10/10/22,7,3,N,5,90,15,71.625,0.19273211437736157,0.364,210,5-10,75-95,50-75,-0.7839587594760552,1.4925231079043533,0.6961462289313323,-0.04052346387178962,0.0634482790612916
DB-N,2,12/10/22,6,3,N,5,90,15,71.625,0.19273211437736157,0.364,210,5-10,75-95,50-75,-0.7839587594760552,1.4925231079043533,0.6961462289313323,-0.04052346387178962,0.0634482790612916
DB-N,2,14/02/23,2,2,N,50,85,15,71.625,0.19273211437736157,0.364,210,50-75,75-95,50-75,0.5547788292510005,1.3147435803033158,0.6961462289313323,-0.04052346387178962,0.0634482790612916
DB-N,2,16/02/23,4,2,N,50,85,15,71.625,0.19273211437736157,0.364,210,50-75,75-95,50-75,0.5547788292510005,1.3147435803033158,0.6961462289313323,-0.04052346387178962,0.0634482790612916
DB-N,2,18/02/23,5,3,N,50,85,15,71.625,0.19273211437736157,0.364,210,50-75,75-95,50-75,0.5547788292510005,1.3147435803033158,0.6961462289313323,-0.04052346387178962,0.0634482790612916
DB-N,3,08/10/22,5,3,N,3.75,63.75,15,64.3125,0.02445686567952948,0.364,210,1-5,50-75,50-75,-0.8211459147184734,0.5591805879989069,0.3453353861030737,-0.04052346387178962,0.0634482790612916
DB-N,3,10/10/22,4,2,N,3.75,63.75,15,64.3125,0.02445686567952948,0.364,210,1-5,50-75,50-75,-0.8211459147184734,0.5591805879989069,0.3453353861030737,-0.04052346387178962,0.0634482790612916
DB-N,3,12/10/22,8,1,N,3.75,63.75,15,64.3125,0.02445686567952948,0.364,210,1-5,50-75,50-75,-0.8211459147184734,0.5591805879989069,0.3453353861030737,-0.04052346387178962,0.0634482790612916
DB-N,3,14/02/23,8,3,N,55,62.5,15,64.3125,0.02445686567952948,0.364,210,50-75,50-75,50-75,0.7035274502206734,0.5147357060986476,0.3453353861030737,-0.04052346387178962,0.0634482790612916
DB-N,3,16/02/23,5,4,N,55,62.5,15,64.3125,0.02445686567952948,0.364,210,50-75,50-75,50-75,0.7035274502206734,0.5147357060986476,0.3453353861030737,-0.04052346387178962,0.0634482790612916
DB-N,3,18/02/23,3,2,N,55,62.5,15,64.3125,0.02445686567952948,0.364,210,50-75,50-75,50-75,0.7035274502206734,0.5147357060986476,0.3453353861030737,-0.04052346387178962,0.0634482790612916
DB-N,4,08/10/22,7,3,N,1.25,57.5,15,64.8125,0.3156279428561218,0.364,210,1-5,50-75,50-75,-0.8955202252033099,0.33695617849761017,0.36932245227936483,-0.04052346387178962,0.0634482790612916
DB-N,4,10/10/22,5,3,N,1.25,57.5,15,64.8125,0.3156279428561218,0.364,210,1-5,50-75,50-75,-0.8955202252033099,0.33695617849761017,0.36932245227936483,-0.04052346387178962,0.0634482790612916
DB-N,4,12/10/22,7,3,N,1.25,57.5,15,64.8125,0.3156279428561218,0.364,210,1-5,50-75,50-75,-0.8955202252033099,0.33695617849761017,0.36932245227936483,-0.04052346387178962,0.0634482790612916
DB-N,4,14/02/23,4,2,N,76.25,30,15,64.8125,0.3156279428561218,0.364,210,75-95,25-50,50-75,1.3357090893417831,-0.6408312233080955,0.36932245227936483,-0.04052346387178962,0.0634482790612916
DG-C,1,07/11/22,9,1,C,17.5,8.75,6,79.1875,0.18186031038732434,0.562,159,10-25,5-10,75-95,-0.4120872070518731,-1.3963942156125044,1.0589506048477366,1.8575432955418252,-0.4080018474736029
DG-C,1,09/11/22,11,1,C,17.5,8.75,6,79.1875,0.18186031038732434,0.562,159,10-25,5-10,75-95,-0.4120872070518731,-1.3963942156125044,1.0589506048477366,1.8575432955418252,-0.4080018474736029
DG-C,1,11/11/22,8,2,C,17.5,8.75,6,79.1875,0.18186031038732434,0.562,159,10-25,5-10,75-95,-0.4120872070518731,-1.3963942156125044,1.0589506048477366,1.8575432955418252,-0.4080018474736029
DG-C,1,21/02/23,4,1,C,70,22.5,6,79.1875,0.18186031038732434,0.562,159,50-75,10-25,75-95,1.1497733131296919,-0.9075005147096515,1.0589506048477366,1.8575432955418252,-0.4080018474736029
DG-C,1,23/02/23,4,1,C,70,22.5,6,79.1875,0.18186031038732434,0.562,159,50-75,10-25,75-95,1.1497733131296919,-0.9075005147096515,1.0589506048477366,1.8575432955418252,-0.4080018474736029
DG-C,1,25/02/23,6,1,C,70,22.5,6,79.1875,0.18186031038732434,0.562,159,50-75,10-25,75-95,1.1497733131296919,-0.9075005147096515,1.0589506048477366,1.8575432955418252,-0.4080018474736029
DG-C,2,07/11/22,15,1,C,1.25,12.5,6,67.5,0.1632152928631904,0.562,159,1-5,10-25,50-75,-0.8955202252033099,-1.2630595699117264,0.49825293297693,1.8575432955418252,-0.4080018474736029
DG-C,2,09/11/22,10,2,C,1.25,12.5,6,67.5,0.1632152928631904,0.562,159,1-5,10-25,50-75,-0.8955202252033099,-1.2630595699117264,0.49825293297693,1.8575432955418252,-0.4080018474736029
DG-C,2,11/11/22,11,1,C,1.25,12.5,6,67.5,0.1632152928631904,0.562,159,1-5,10-25,50-75,-0.8955202252033099,-1.2630595699117264,0.49825293297693,1.8575432955418252,-0.4080018474736029
DG-C,2,21/02/23,3,1,C,95,50,6,67.5,0.1632152928631904,0.562,159,95-100,50-75,50-75,1.8935164179780564,0.07028688709605407,0.49825293297693,1.8575432955418252,-0.4080018474736029
DG-C,2,23/02/23,6,1,C,95,50,6,67.5,0.1632152928631904,0.562,159,95-100,50-75,50-75,1.8935164179780564,0.07028688709605407,0.49825293297693,1.8575432955418252,-0.4080018474736029
DG-C,2,25/02/23,4,1,C,95,50,6,67.5,0.1632152928631904,0.562,159,95-100,50-75,50-75,1.8935164179780564,0.07028688709605407,0.49825293297693,1.8575432955418252,-0.4080018474736029
DG-C,3,07/11/22,8,1,C,3.75,32.5,6,54.625,0.2385869319448063,0.562,159,1-5,25-50,50-75,-0.8211459147184734,-0.5519414595075768,-0.1194140210625681,1.8575432955418252,-0.4080018474736029
DG-C,3,09/11/22,10,1,C,3.75,32.5,6,54.625,0.2385869319448063,0.562,159,1-5,25-50,50-75,-0.8211459147184734,-0.5519414595075768,-0.1194140210625681,1.8575432955418252,-0.4080018474736029
DG-C,3,11/11/22,10,1,C,3.75,32.5,6,54.625,0.2385869319448063,0.562,159,1-5,25-50,50-75,-0.8211459147184734,-0.5519414595075768,-0.1194140210625681,1.8575432955418252,-0.4080018474736029
DG-C,3,21/02/23,4,2,C,100,22.5,6,54.625,0.2385869319448063,0.562,159,95-100,10-25,50-75,2.042265038947729,-0.9075005147096515,-0.1194140210625681,1.8575432955418252,-0.4080018474736029
DG-C,3,23/02/23,5,1,C,100,22.5,6,54.625,0.2385869319448063,0.562,159,95-100,10-25,50-75,2.042265038947729,-0.9075005147096515,-0.1194140210625681,1.8575432955418252,-0.4080018474736029
DG-C,3,25/02/23,7,2,C,100,22.5,6,54.625,0.2385869319448063,0.562,159,95-100,10-25,50-75,2.042265038947729,-0.9075005147096515,-0.1194140210625681,1.8575432955418252,-0.4080018474736029
DG-C,4,07/11/22,6,1,C,0,16.25,6,43,1.0840282194010933,0.562,159,0,10-25,25-50,-0.9327073804457281,-1.1297249242109484,-0.6771133096613382,1.8575432955418252,-0.4080018474736029
DG-C,4,09/11/22,13,1,C,0,16.25,6,43,1.0840282194010933,0.562,159,0,10-25,25-50,-0.9327073804457281,-1.1297249242109484,-0.6771133096613382,1.8575432955418252,-0.4080018474736029
DG-C,4,11/11/22,9,1,C,0,16.25,6,43,1.0840282194010933,0.562,159,0,10-25,25-50,-0.9327073804457281,-1.1297249242109484,-0.6771133096613382,1.8575432955418252,-0.4080018474736029
DG-C,4,21/02/23,4,2,C,86.25,13.75,6,43,1.0840282194010933,0.562,159,75-95,10-25,25-50,1.6332063312811287,-1.218614688011467,-0.6771133096613382,1.8575432955418252,-0.4080018474736029
DG-C,4,23/02/23,6,1,C,86.25,13.75,6,43,1.0840282194010933,0.562,159,75-95,10-25,25-50,1.6332063312811287,-1.218614688011467,-0.6771133096613382,1.8575432955418252,-0.4080018474736029
DG-C,4,25/02/23,3,1,C,86.25,13.75,6,43,1.0840282194010933,0.562,159,75-95,10-25,25-50,1.6332063312811287,-1.218614688011467,-0.6771133096613382,1.8575432955418252,-0.4080018474736029
DG-N,1,07/11/22,6,1,N,7.5,88.75,6,89.75,0.04503010456075076,0.598,13,5-10,75-95,75-95,-0.7095844489912188,1.4480782260040939,1.5656773778218878,2.202646342707936,-1.75764338618134
DG-N,1,09/11/22,7,1,N,7.5,88.75,6,89.75,0.04503010456075076,0.598,13,5-10,75-95,75-95,-0.7095844489912188,1.4480782260040939,1.5656773778218878,2.202646342707936,-1.75764338618134
DG-N,1,11/11/22,10,2,N,7.5,88.75,6,89.75,0.04503010456075076,0.598,13,5-10,75-95,75-95,-0.7095844489912188,1.4480782260040939,1.5656773778218878,2.202646342707936,-1.75764338618134
DG-N,1,21/02/23,2,1,N,13.75,100,6,89.75,0.04503010456075076,0.598,13,10-25,95-100,75-95,-0.5236486727791277,1.848082163106428,1.5656773778218878,2.202646342707936,-1.75764338618134
DG-N,1,23/02/23,3,1,N,13.75,100,6,89.75,0.04503010456075076,0.598,13,10-25,95-100,75-95,-0.5236486727791277,1.848082163106428,1.5656773778218878,2.202646342707936,-1.75764338618134
DG-N,1,25/02/23,1,1,N,13.75,100,6,89.75,0.04503010456075076,0.598,13,10-25,95-100,75-95,-0.5236486727791277,1.848082163106428,1.5656773778218878,2.202646342707936,-1.75764338618134
DG-N,2,07/11/22,9,1,N,10,78.75,6,90.375,0.04030888519021557,0.598,13,10-25,75-95,75-95,-0.6352101385063823,1.092519170802019,1.5956612105422519,2.202646342707936,-1.75764338618134
DG-N,2,09/11/22,6,1,N,10,78.75,6,90.375,0.04030888519021557,0.598,13,10-25,75-95,75-95,-0.6352101385063823,1.092519170802019,1.5956612105422519,2.202646342707936,-1.75764338618134
DG-N,2,11/11/22,6,1,N,10,78.75,6,90.375,0.04030888519021557,0.598,13,10-25,75-95,75-95,-0.6352101385063823,1.092519170802019,1.5956612105422519,2.202646342707936,-1.75764338618134
DG-N,2,21/02/23,6,2,N,11.25,90,6,90.375,0.04030888519021557,0.598,13,10-25,75-95,75-95,-0.5980229832639641,1.4925231079043533,1.5956612105422519,2.202646342707936,-1.75764338618134
DG-N,2,23/02/23,1,1,N,11.25,90,6,90.375,0.04030888519021557,0.598,13,10-25,75-95,75-95,-0.5980229832639641,1.4925231079043533,1.5956612105422519,2.202646342707936,-1.75764338618134
DG-N,2,25/02/23,3,2,N,11.25,90,6,90.375,0.04030888519021557,0.598,13,10-25,75-95,75-95,-0.5980229832639641,1.4925231079043533,1.5956612105422519,2.202646342707936,-1.75764338618134
DG-N,3,07/11/22,5,1,N,15,58.75,6,74.75,0.17047016638628304,0.598,13,10-25,50-75,50-75,-0.48646151753670946,0.38140106039786953,0.8460653925331523,2.202646342707936,-1.75764338618134
DG-N,3,09/11/22,7,1,N,15,58.75,6,74.75,0.17047016638628304,0.598,13,10-25,50-75,50-75,-0.48646151753670946,0.38140106039786953,0.8460653925331523,2.202646342707936,-1.75764338618134
DG-N,3,11/11/22,13,1,N,15,58.75,6,74.75,0.17047016638628304,0.598,13,10-25,50-75,50-75,-0.48646151753670946,0.38140106039786953,0.8460653925331523,2.202646342707936,-1.75764338618134
DG-N,3,21/02/23,5,1,N,8.75,93.75,6,74.75,0.17047016638628304,0.598,13,5-10,75-95,50-75,-0.6723972937488005,1.6258577536051313,0.8460653925331523,2.202646342707936,-1.75764338618134
DG-N,3,23/02/23,2,1,N,8.75,93.75,6,74.75,0.17047016638628304,0.598,13,5-10,75-95,50-75,-0.6723972937488005,1.6258577536051313,0.8460653925331523,2.202646342707936,-1.75764338618134
DG-N,3,25/02/23,4,1,N,8.75,93.75,6,74.75,0.17047016638628304,0.598,13,5-10,75-95,50-75,-0.6723972937488005,1.6258577536051313,0.8460653925331523,2.202646342707936,-1.75764338618134
DG-N,4,07/11/22,7,1,N,17.5,60,6,75.1875,0.07367128623782034,0.598,13,10-25,50-75,75-95,-0.4120872070518731,0.42584594229812883,0.867054075437407,2.202646342707936,-1.75764338618134
DG-N,4,09/11/22,6,1,N,17.5,60,6,75.1875,0.07367128623782034,0.598,13,10-25,50-75,75-95,-0.4120872070518731,0.42584594229812883,0.867054075437407,2.202646342707936,-1.75764338618134
DG-N,4,11/11/22,3,1,N,17.5,60,6,75.1875,0.07367128623782034,0.598,13,10-25,50-75,75-95,-0.4120872070518731,0.42584594229812883,0.867054075437407,2.202646342707936,-1.75764338618134
DG-N,4,21/02/23,5,1,N,42.5,88.75,6,75.1875,0.07367128623782034,0.598,13,25-50,75-95,75-95,0.33165589779649124,1.4480782260040939,0.867054075437407,2.202646342707936,-1.75764338618134
DG-N,4,23/02/23,4,1,N,42.5,88.75,6,75.1875,0.07367128623782034,0.598,13,25-50,75-95,75-95,0.33165589779649124,1.4480782260040939,0.867054075437407,2.202646342707936,-1.75764338618134
DG-N,4,25/02/23,3,2,N,42.5,88.75,6,75.1875,0.07367128623782034,0.598,13,25-50,75-95,75-95,0.33165589779649124,1.4480782260040939,0.867054075437407,2.202646342707936,-1.75764338618134
FLL-C,1,03/10/22,4,1,C,8.75,58.75,14,87.875,0.047235313059885334,0.356,115,5-10,50-75,75-95,-0.6723972937488005,0.38140106039786953,1.475725879660796,-0.11721302990870339,-0.8147431331115511
FLL-C,1,05/10/22,9,1,C,8.75,58.75,14,87.875,0.047235313059885334,0.356,115,5-10,50-75,75-95,-0.6723972937488005,0.38140106039786953,1.475725879660796,-0.11721302990870339,-0.8147431331115511
FLL-C,1,07/10/22,5,1,C,8.75,58.75,14,87.875,0.047235313059885334,0.356,115,5-10,50-75,75-95,-0.6723972937488005,0.38140106039786953,1.475725879660796,-0.11721302990870339,-0.8147431331115511
FLL-C,1,08/02/23,5,1,C,11.25,41.25,14,87.875,0.047235313059885334,0.356,115,10-25,25-50,75-95,-0.5980229832639641,-0.24082728620576135,1.475725879660796,-0.11721302990870339,-0.8147431331115511
FLL-C,1,10/02/23,8,2,C,11.25,41.25,14,87.875,0.047235313059885334,0.356,115,10-25,25-50,75-95,-0.5980229832639641,-0.24082728620576135,1.475725879660796,-0.11721302990870339,-0.8147431331115511
FLL-C,1,12/02/23,3,2,C,11.25,41.25,14,87.875,0.047235313059885334,0.356,115,10-25,25-50,75-95,-0.5980229832639641,-0.24082728620576135,1.475725879660796,-0.11721302990870339,-0.8147431331115511
FLL-C,2,03/10/22,5,2,C,7.5,76.25,14,73.0625,0.2874302415125995,0.356,115,5-10,75-95,50-75,-0.7095844489912188,1.0036294070015004,0.7651090441881695,-0.11721302990870339,-0.8147431331115511
FLL-C,2,05/10/22,6,1,C,7.5,76.25,14,73.0625,0.2874302415125995,0.356,115,5-10,75-95,50-75,-0.7095844489912188,1.0036294070015004,0.7651090441881695,-0.11721302990870339,-0.8147431331115511
FLL-C,2,07/10/22,6,2,C,7.5,76.25,14,73.0625,0.2874302415125995,0.356,115,5-10,75-95,50-75,-0.7095844489912188,1.0036294070015004,0.7651090441881695,-0.11721302990870339,-0.8147431331115511
FLL-C,2,08/02/23,3,2,C,22.5,38.75,14,73.0625,0.2874302415125995,0.356,115,10-25,25-50,50-75,-0.2633385860822002,-0.32971705000628004,0.7651090441881695,-0.11721302990870339,-0.8147431331115511
FLL-C,2,10/02/23,7,2,C,22.5,38.75,14,73.0625,0.2874302415125995,0.356,115,10-25,25-50,50-75,-0.2633385860822002,-0.32971705000628004,0.7651090441881695,-0.11721302990870339,-0.8147431331115511
FLL-C,2,12/02/23,2,2,C,22.5,38.75,14,73.0625,0.2874302415125995,0.356,115,10-25,25-50,50-75,-0.2633385860822002,-0.32971705000628004,0.7651090441881695,-0.11721302990870339,-0.8147431331115511
FLL-C,3,03/10/22,4,1,C,12.5,86.25,14,74.1875,0.2441894155208574,0.356,115,10-25,75-95,50-75,-0.5608358280215459,1.3591884622035753,0.8190799430848247,-0.11721302990870339,-0.8147431331115511
FLL-C,3,05/10/22,9,2,C,12.5,86.25,14,74.1875,0.2441894155208574,0.356,115,10-25,75-95,50-75,-0.5608358280215459,1.3591884622035753,0.8190799430848247,-0.11721302990870339,-0.8147431331115511
FLL-C,3,07/10/22,6,2,C,12.5,86.25,14,74.1875,0.2441894155208574,0.356,115,10-25,75-95,50-75,-0.5608358280215459,1.3591884622035753,0.8190799430848247,-0.11721302990870339,-0.8147431331115511
FLL-C,3,08/02/23,6,2,C,53.75,46.25,14,74.1875,0.2441894155208574,0.356,115,50-75,25-50,50-75,0.6663402949782552,-0.06304775860472397,0.8190799430848247,-0.11721302990870339,-0.8147431331115511
FLL-C,3,10/02/23,3,2,C,53.75,46.25,14,74.1875,0.2441894155208574,0.356,115,50-75,25-50,50-75,0.6663402949782552,-0.06304775860472397,0.8190799430848247,-0.11721302990870339,-0.8147431331115511
FLL-C,4,03/10/22,11,5,C,20,70,14,63.75,0.2844691934638766,0.356,115,10-25,50-75,50-75,-0.3377128965670366,0.7814049975002036,0.3183499366547461,-0.11721302990870339,-0.8147431331115511
FLL-C,4,05/10/22,3,1,C,20,70,14,63.75,0.2844691934638766,0.356,115,10-25,50-75,50-75,-0.3377128965670366,0.7814049975002036,0.3183499366547461,-0.11721302990870339,-0.8147431331115511
FLL-C,4,07/10/22,7,3,C,20,70,14,63.75,0.2844691934638766,0.356,115,10-25,50-75,50-75,-0.3377128965670366,0.7814049975002036,0.3183499366547461,-0.11721302990870339,-0.8147431331115511
FLL-C,4,08/02/23,1,1,C,100,12.5,14,63.75,0.2844691934638766,0.356,115,95-100,10-25,50-75,2.042265038947729,-1.2630595699117264,0.3183499366547461,-0.11721302990870339,-0.8147431331115511
FLL-C,4,10/02/23,2,1,C,100,12.5,14,63.75,0.2844691934638766,0.356,115,95-100,10-25,50-75,2.042265038947729,-1.2630595699117264,0.3183499366547461,-0.11721302990870339,-0.8147431331115511
FLL-C,4,12/02/23,3,2,C,100,12.5,14,63.75,0.2844691934638766,0.356,115,95-100,10-25,50-75,2.042265038947729,-1.2630595699117264,0.3183499366547461,-0.11721302990870339,-0.8147431331115511
GP-C,1,17/03/23,1,1,C,100,2.5,11,34.5,1.0436963003545625,0.42,340,95-100,1-5,25-50,2.042265038947729,-1.618618625113801,-1.0848934346582884,0.49630349838660626,1.2651838957188657
GP-C,1,21/11/22,2,1,C,37.5,37.5,11,34.5,1.0436963003545625,0.42,340,25-50,25-50,25-50,0.18290727682681837,-0.3741619319065394,-1.0848934346582884,0.49630349838660626,1.2651838957188657
GP-C,1,23/11/22,2,2,C,37.5,37.5,11,34.5,1.0436963003545625,0.42,340,25-50,25-50,25-50,0.18290727682681837,-0.3741619319065394,-1.0848934346582884,0.49630349838660626,1.2651838957188657
GP-C,1,25/11/22,1,1,C,37.5,37.5,11,34.5,1.0436963003545625,0.42,340,25-50,25-50,25-50,0.18290727682681837,-0.3741619319065394,-1.0848934346582884,0.49630349838660626,1.2651838957188657
GP-C,2,17/03/23,2,2,C,100,11.25,11,63.6375,0.3157207698634268,0.42,340,95-100,10-25,50-75,2.042265038947729,-1.3075044518119856,0.31295284676508073,0.49630349838660626,1.2651838957188657
GP-C,2,19/03/23,1,1,C,100,11.25,11,63.6375,0.3157207698634268,0.42,340,95-100,10-25,50-75,2.042265038947729,-1.3075044518119856,0.31295284676508073,0.49630349838660626,1.2651838957188657
GP-C,2,21/03/23,2,1,C,100,11.25,11,63.6375,0.3157207698634268,0.42,340,95-100,10-25,50-75,2.042265038947729,-1.3075044518119856,0.31295284676508073,0.49630349838660626,1.2651838957188657
GP-C,2,21/11/22,4,1,C,27.5,61.25,11,63.6375,0.3157207698634268,0.42,340,25-50,50-75,50-75,-0.11458996511252734,0.4702908241983882,0.31295284676508073,0.49630349838660626,1.2651838957188657
GP-C,2,23/11/22,2,1,C,27.5,61.25,11,63.6375,0.3157207698634268,0.42,340,25-50,50-75,50-75,-0.11458996511252734,0.4702908241983882,0.31295284676508073,0.49630349838660626,1.2651838957188657
GP-C,2,25/11/22,3,1,C,27.5,61.25,11,63.6375,0.3157207698634268,0.42,340,25-50,50-75,50-75,-0.11458996511252734,0.4702908241983882,0.31295284676508073,0.49630349838660626,1.2651838957188657
GP-C,3,17/03/23,2,2,C,100,18.75,11,57.25,0.17958874756935456,0.42,340,95-100,10-25,50-75,2.042265038947729,-1.0408351604104296,0.00651807636296064,0.49630349838660626,1.2651838957188657
GP-C,3,21/03/23,1,1,C,100,18.75,11,57.25,0.17958874756935456,0.42,340,95-100,10-25,50-75,2.042265038947729,-1.0408351604104296,0.00651807636296064,0.49630349838660626,1.2651838957188657
GP-C,3,21/11/22,3,1,C,5,36.25,11,57.25,0.17958874756935456,0.42,340,5-10,25-50,50-75,-0.7839587594760552,-0.41860681380679876,0.00651807636296064,0.49630349838660626,1.2651838957188657
GP-C,3,23/11/22,8,3,C,5,36.25,11,57.25,0.17958874756935456,0.42,340,5-10,25-50,50-75,-0.7839587594760552,-0.41860681380679876,0.00651807636296064,0.49630349838660626,1.2651838957188657
GP-C,3,25/11/22,3,2,C,5,36.25,11,57.25,0.17958874756935456,0.42,340,5-10,25-50,50-75,-0.7839587594760552,-0.41860681380679876,0.00651807636296064,0.49630349838660626,1.2651838957188657
GP-C,4,17/03/23,2,1,C,100,10,11,47.375,0.6545592209511665,0.42,340,95-100,10-25,25-50,2.042265038947729,-1.351949333712245,-0.4672264806187903,0.49630349838660626,1.2651838957188657
GP-C,4,21/03/23,3,1,C,100,10,11,47.375,0.6545592209511665,0.42,340,95-100,10-25,25-50,2.042265038947729,-1.351949333712245,-0.4672264806187903,0.49630349838660626,1.2651838957188657
GP-C,4,21/11/22,3,1,C,1.25,30,11,47.375,0.6545592209511665,0.42,340,1-5,25-50,25-50,-0.8955202252033099,-0.6408312233080955,-0.4672264806187903,0.49630349838660626,1.2651838957188657
GP-C,4,23/11/22,3,1,C,1.25,30,11,47.375,0.6545592209511665,0.42,340,1-5,25-50,25-50,-0.8955202252033099,-0.6408312233080955,-0.4672264806187903,0.49630349838660626,1.2651838957188657
GP-C,4,25/11/22,5,1,C,1.25,30,11,47.375,0.6545592209511665,0.42,340,1-5,25-50,25-50,-0.8955202252033099,-0.6408312233080955,-0.4672264806187903,0.49630349838660626,1.2651838957188657
GP-N,1,17/03/23,2,1,N,76.25,51.25,11,62.6875,0.30614291150009626,0.4,346,75-95,50-75,50-75,1.3357090893417831,0.11473176899631342,0.2673774210301273,0.30457958329432233,1.320648616487677
GP-N,1,19/03/23,2,1,N,76.25,51.25,11,62.6875,0.30614291150009626,0.4,346,75-95,50-75,50-75,1.3357090893417831,0.11473176899631342,0.2673774210301273,0.30457958329432233,1.320648616487677
GP-N,1,21/03/23,2,2,N,76.25,51.25,11,62.6875,0.30614291150009626,0.4,346,75-95,50-75,50-75,1.3357090893417831,0.11473176899631342,0.2673774210301273,0.30457958329432233,1.320648616487677
GP-N,1,21/11/22,1,1,N,68.75,55,11,62.6875,0.30614291150009626,0.4,346,50-75,50-75,50-75,1.1125861578872738,0.24806641469709145,0.2673774210301273,0.30457958329432233,1.320648616487677
GP-N,1,25/11/22,2,1,N,68.75,55,11,62.6875,0.30614291150009626,0.4,346,50-75,50-75,50-75,1.1125861578872738,0.24806641469709145,0.2673774210301273,0.30457958329432233,1.320648616487677
GP-N,2,19/03/23,3,1,N,15,83.75,11,75.375,0.22803708704662146,0.4,346,10-25,75-95,75-95,-0.48646151753670946,1.2702986984030564,0.8760492252535163,0.30457958329432233,1.320648616487677
GP-N,2,21/03/23,3,2,N,15,83.75,11,75.375,0.22803708704662146,0.4,346,10-25,75-95,75-95,-0.48646151753670946,1.2702986984030564,0.8760492252535163,0.30457958329432233,1.320648616487677
GP-N,2,21/11/22,1,1,N,27.5,77.5,11,75.375,0.22803708704662146,0.4,346,25-50,75-95,75-95,-0.11458996511252734,1.0480742889017598,0.8760492252535163,0.30457958329432233,1.320648616487677
GP-N,2,23/11/22,1,1,N,27.5,77.5,11,75.375,0.22803708704662146,0.4,346,25-50,75-95,75-95,-0.11458996511252734,1.0480742889017598,0.8760492252535163,0.30457958329432233,1.320648616487677
GP-N,3,17/03/23,3,1,N,52.5,45,11,73.5625,0.07952590847982056,0.4,346,50-75,25-50,50-75,0.629153139735837,-0.10749264050498332,0.7890961103644607,0.30457958329432233,1.320648616487677
GP-N,3,19/03/23,5,1,N,52.5,45,11,73.5625,0.07952590847982056,0.4,346,50-75,25-50,50-75,0.629153139735837,-0.10749264050498332,0.7890961103644607,0.30457958329432233,1.320648616487677
GP-N,3,21/03/23,4,2,N,52.5,45,11,73.5625,0.07952590847982056,0.4,346,50-75,25-50,50-75,0.629153139735837,-0.10749264050498332,0.7890961103644607,0.30457958329432233,1.320648616487677
GP-N,3,21/11/22,2,1,N,65,66.25,11,73.5625,0.07952590847982056,0.4,346,50-75,50-75,50-75,1.0010246921600192,0.6480703517994256,0.7890961103644607,0.30457958329432233,1.320648616487677
GP-N,3,23/11/22,2,2,N,65,66.25,11,73.5625,0.07952590847982056,0.4,346,50-75,50-75,50-75,1.0010246921600192,0.6480703517994256,0.7890961103644607,0.30457958329432233,1.320648616487677
GP-N,4,17/03/23,2,1,N,73.75,33.75,11,56.9375,0.5878549601561401,0.4,346,50-75,25-50,50-75,1.2613347788569467,-0.5074965776073175,-0.008473839997221353,0.30457958329432233,1.320648616487677
GP-N,4,19/03/23,3,1,N,73.75,33.75,11,56.9375,0.5878549601561401,0.4,346,50-75,25-50,50-75,1.2613347788569467,-0.5074965776073175,-0.008473839997221353,0.30457958329432233,1.320648616487677
GP-N,4,21/03/23,7,1,N,73.75,33.75,11,56.9375,0.5878549601561401,0.4,346,50-75,25-50,50-75,1.2613347788569467,-0.5074965776073175,-0.008473839997221353,0.30457958329432233,1.320648616487677
JS-N,1,03/10/22,2,1,N,12.5,97.5,14,83.5625,0.06731488406881077,0.325,125,10-25,95-100,75-95,-0.5608358280215459,1.7591923993059093,1.2688374338902844,-0.4143850983017437,-0.7223019318301992
JS-N,1,05/10/22,3,3,N,12.5,97.5,14,83.5625,0.06731488406881077,0.325,125,10-25,95-100,75-95,-0.5608358280215459,1.7591923993059093,1.2688374338902844,-0.4143850983017437,-0.7223019318301992
JS-N,1,07/10/22,1,1,N,12.5,97.5,14,83.5625,0.06731488406881077,0.325,125,10-25,95-100,75-95,-0.5608358280215459,1.7591923993059093,1.2688374338902844,-0.4143850983017437,-0.7223019318301992
JS-N,1,08/02/23,3,3,N,8.75,65,14,83.5625,0.06731488406881077,0.325,125,5-10,50-75,75-95,-0.6723972937488005,0.6036254698991662,1.2688374338902844,-0.4143850983017437,-0.7223019318301992
JS-N,1,10/02/23,5,4,N,8.75,65,14,83.5625,0.06731488406881077,0.325,125,5-10,50-75,75-95,-0.6723972937488005,0.6036254698991662,1.2688374338902844,-0.4143850983017437,-0.7223019318301992
JS-N,1,12/02/23,2,1,N,8.75,65,14,83.5625,0.06731488406881077,0.325,125,5-10,50-75,75-95,-0.6723972937488005,0.6036254698991662,1.2688374338902844,-0.4143850983017437,-0.7223019318301992
JS-N,2,03/10/22,2,1,N,3.75,87.5,14,83.25,0.10315654076467067,0.325,125,1-5,75-95,75-95,-0.8211459147184734,1.4036333441038344,1.2538455175301024,-0.4143850983017437,-0.7223019318301992
JS-N,2,07/10/22,2,1,N,3.75,87.5,14,83.25,0.10315654076467067,0.325,125,1-5,75-95,75-95,-0.8211459147184734,1.4036333441038344,1.2538455175301024,-0.4143850983017437,-0.7223019318301992
JS-N,2,08/02/23,6,2,N,13.75,66.25,14,83.25,0.10315654076467067,0.325,125,10-25,50-75,75-95,-0.5236486727791277,0.6480703517994256,1.2538455175301024,-0.4143850983017437,-0.7223019318301992
JS-N,2,10/02/23,2,1,N,13.75,66.25,14,83.25,0.10315654076467067,0.325,125,10-25,50-75,75-95,-0.5236486727791277,0.6480703517994256,1.2538455175301024,-0.4143850983017437,-0.7223019318301992
JS-N,2,12/02/23,1,1,N,13.75,66.25,14,83.25,0.10315654076467067,0.325,125,10-25,50-75,75-95,-0.5236486727791277,0.6480703517994256,1.2538455175301024,-0.4143850983017437,-0.7223019318301992
JS-N,3,03/10/22,2,1,N,1.25,97.5,14,87.625,0.09310795362100269,0.325,125,1-5,95-100,75-95,-0.8955202252033099,1.7591923993059093,1.4637323465726504,-0.4143850983017437,-0.7223019318301992
JS-N,3,05/10/22,1,1,N,1.25,97.5,14,87.625,0.09310795362100269,0.325,125,1-5,95-100,75-95,-0.8955202252033099,1.7591923993059093,1.4637323465726504,-0.4143850983017437,-0.7223019318301992
JS-N,3,07/10/22,2,2,N,1.25,97.5,14,87.625,0.09310795362100269,0.325,125,1-5,95-100,75-95,-0.8955202252033099,1.7591923993059093,1.4637323465726504,-0.4143850983017437,-0.7223019318301992
JS-N,3,08/02/23,6,1,N,3.75,67.5,14,87.625,0.09310795362100269,0.325,125,1-5,50-75,75-95,-0.8211459147184734,0.6925152336996849,1.4637323465726504,-0.4143850983017437,-0.7223019318301992
JS-N,3,10/02/23,10,4,N,3.75,67.5,14,87.625,0.09310795362100269,0.325,125,1-5,50-75,75-95,-0.8211459147184734,0.6925152336996849,1.4637323465726504,-0.4143850983017437,-0.7223019318301992
JS-N,3,12/02/23,5,2,N,3.75,67.5,14,87.625,0.09310795362100269,0.325,125,1-5,50-75,75-95,-0.8211459147184734,0.6925152336996849,1.4637323465726504,-0.4143850983017437,-0.7223019318301992
JS-N,4,03/10/22,2,1,N,0,88.75,14,77.875,0.179114815211086,0.325,125,0,75-95,75-95,-0.9327073804457281,1.4480782260040939,0.9959845561349722,-0.4143850983017437,-0.7223019318301992
JS-N,4,07/10/22,2,2,N,0,88.75,14,77.875,0.179114815211086,0.325,125,0,75-95,75-95,-0.9327073804457281,1.4480782260040939,0.9959845561349722,-0.4143850983017437,-0.7223019318301992
JS-N,4,08/02/23,5,4,N,6.25,77.5,14,77.875,0.179114815211086,0.325,125,5-10,75-95,75-95,-0.746771604233637,1.0480742889017598,0.9959845561349722,-0.4143850983017437,-0.7223019318301992
JS-N,4,10/02/23,2,1,N,6.25,77.5,14,77.875,0.179114815211086,0.325,125,5-10,75-95,75-95,-0.746771604233637,1.0480742889017598,0.9959845561349722,-0.4143850983017437,-0.7223019318301992
JS-N,4,12/02/23,4,4,N,6.25,77.5,14,77.875,0.179114815211086,0.325,125,5-10,75-95,75-95,-0.746771604233637,1.0480742889017598,0.9959845561349722,-0.4143850983017437,-0.7223019318301992
JZ-C,1,02/09/22,3,1,C,11.25,12.5,8,66.1875,0.2743637396669292,0.533,57,10-25,10-25,50-75,-0.5980229832639641,-1.2630595699117264,0.4352868842641656,1.5795436186580127,-1.3509021005433919
JZ-C,1,05/09/22,4,1,C,1.25,22.5,8,66.1875,0.2743637396669292,0.533,57,1-5,10-25,50-75,-0.8955202252033099,-0.9075005147096515,0.4352868842641656,1.5795436186580127,-1.3509021005433919
JZ-C,1,07/09/22,5,1,C,1.25,22.5,8,66.1875,0.2743637396669292,0.533,57,1-5,10-25,50-75,-0.8955202252033099,-0.9075005147096515,0.4352868842641656,1.5795436186580127,-1.3509021005433919
JZ-C,1,10/01/23,2,1,C,22.5,18.75,8,66.1875,0.2743637396669292,0.533,57,10-25,10-25,50-75,-0.2633385860822002,-1.0408351604104296,0.4352868842641656,1.5795436186580127,-1.3509021005433919
JZ-C,1,14/01/23,4,2,C,22.5,18.75,8,66.1875,0.2743637396669292,0.533,57,10-25,10-25,50-75,-0.2633385860822002,-1.0408351604104296,0.4352868842641656,1.5795436186580127,-1.3509021005433919
JZ-C,2,02/09/22,2,1,C,60,2.5,8,62.8125,0.4040193104025341,0.533,57,50-75,1-5,50-75,0.8522760711903462,-1.618618625113801,0.2733741875742001,1.5795436186580127,-1.3509021005433919
JZ-C,2,05/09/22,3,1,C,1.25,3.75,8,62.8125,0.4040193104025341,0.533,57,1-5,1-5,50-75,-0.8955202252033099,-1.5741737432135419,0.2733741875742001,1.5795436186580127,-1.3509021005433919
JZ-C,2,07/09/22,4,1,C,1.25,3.75,8,62.8125,0.4040193104025341,0.533,57,1-5,1-5,50-75,-0.8955202252033099,-1.5741737432135419,0.2733741875742001,1.5795436186580127,-1.3509021005433919
JZ-C,2,10/01/23,2,2,C,42.5,8.75,8,62.8125,0.4040193104025341,0.533,57,25-50,5-10,50-75,0.33165589779649124,-1.3963942156125044,0.2733741875742001,1.5795436186580127,-1.3509021005433919
JZ-C,2,12/01/23,4,2,C,42.5,8.75,8,62.8125,0.4040193104025341,0.533,57,25-50,5-10,50-75,0.33165589779649124,-1.3963942156125044,0.2733741875742001,1.5795436186580127,-1.3509021005433919
JZ-C,2,14/01/23,2,1,C,42.5,8.75,8,62.8125,0.4040193104025341,0.533,57,25-50,5-10,50-75,0.33165589779649124,-1.3963942156125044,0.2733741875742001,1.5795436186580127,-1.3509021005433919
JZ-C,3,05/09/22,2,1,C,1.25,2.5,8,24.9375,0.32990174637032993,0.533,57,1-5,1-5,10-25,-0.8955202252033099,-1.618618625113801,-1.5436460752798573,1.5795436186580127,-1.3509021005433919
JZ-C,3,07/09/22,3,2,C,1.25,2.5,8,24.9375,0.32990174637032993,0.533,57,1-5,1-5,10-25,-0.8955202252033099,-1.618618625113801,-1.5436460752798573,1.5795436186580127,-1.3509021005433919
JZ-C,3,10/01/23,2,1,C,20,23.75,8,24.9375,0.32990174637032993,0.533,57,10-25,10-25,10-25,-0.3377128965670366,-0.8630556328093922,-1.5436460752798573,1.5795436186580127,-1.3509021005433919
JZ-C,3,12/01/23,1,1,C,20,23.75,8,24.9375,0.32990174637032993,0.533,57,10-25,10-25,10-25,-0.3377128965670366,-0.8630556328093922,-1.5436460752798573,1.5795436186580127,-1.3509021005433919
JZ-C,3,14/01/23,3,1,C,20,23.75,8,24.9375,0.32990174637032993,0.533,57,10-25,10-25,10-25,-0.3377128965670366,-0.8630556328093922,-1.5436460752798573,1.5795436186580127,-1.3509021005433919
JZ-C,4,07/09/22,2,2,C,6.25,3.75,8,28.875,0.6965797085891144,0.533,57,5-10,1-5,25-50,-0.746771604233637,-1.5741737432135419,-1.3547479291415643,1.5795436186580127,-1.3509021005433919
JZ-C,4,10/01/23,5,3,C,72.5,13.75,8,28.875,0.6965797085891144,0.533,57,50-75,10-25,25-50,1.2241476236145283,-1.218614688011467,-1.3547479291415643,1.5795436186580127,-1.3509021005433919
JZ-C,4,12/01/23,1,1,C,72.5,13.75,8,28.875,0.6965797085891144,0.533,57,50-75,10-25,25-50,1.2241476236145283,-1.218614688011467,-1.3547479291415643,1.5795436186580127,-1.3509021005433919
JZ-C,4,14/01/23,1,1,C,72.5,13.75,8,28.875,0.6965797085891144,0.533,57,50-75,10-25,25-50,1.2241476236145283,-1.218614688011467,-1.3547479291415643,1.5795436186580127,-1.3509021005433919
JZ-N,1,02/09/22,1,1,N,68.75,28.75,8,81.9375,0.11086268374690565,0.556,68,50-75,25-50,75-95,1.1125861578872738,-0.6852761052083548,1.190879468817338,1.8000261210141397,-1.2492167791339048
JZ-N,1,05/09/22,2,1,N,68.75,28.75,8,81.9375,0.11086268374690565,0.556,68,50-75,25-50,75-95,1.1125861578872738,-0.6852761052083548,1.190879468817338,1.8000261210141397,-1.2492167791339048
JZ-N,1,07/09/22,2,2,N,68.75,28.75,8,81.9375,0.11086268374690565,0.556,68,50-75,25-50,75-95,1.1125861578872738,-0.6852761052083548,1.190879468817338,1.8000261210141397,-1.2492167791339048
JZ-N,1,10/01/23,4,3,N,35,57.5,8,81.9375,0.11086268374690565,0.556,68,25-50,50-75,75-95,0.10853296634198195,0.33695617849761017,1.190879468817338,1.8000261210141397,-1.2492167791339048
JZ-N,1,12/01/23,3,2,N,35,57.5,8,81.9375,0.11086268374690565,0.556,68,25-50,50-75,75-95,0.10853296634198195,0.33695617849761017,1.190879468817338,1.8000261210141397,-1.2492167791339048
JZ-N,1,14/01/23,1,1,N,35,57.5,8,81.9375,0.11086268374690565,0.556,68,25-50,50-75,75-95,0.10853296634198195,0.33695617849761017,1.190879468817338,1.8000261210141397,-1.2492167791339048
JZ-N,2,05/09/22,1,1,N,76.25,61.25,8,63.0625,0.22274111230048094,0.556,68,75-95,50-75,50-75,1.3357090893417831,0.4702908241983882,0.2853677206623457,1.8000261210141397,-1.2492167791339048
JZ-N,2,07/09/22,3,2,N,76.25,61.25,8,63.0625,0.22274111230048094,0.556,68,75-95,50-75,50-75,1.3357090893417831,0.4702908241983882,0.2853677206623457,1.8000261210141397,-1.2492167791339048
JZ-N,2,10/01/23,2,2,N,87.5,52.5,8,63.0625,0.22274111230048094,0.556,68,75-95,50-75,50-75,1.670393486523547,0.15917665089657276,0.2853677206623457,1.8000261210141397,-1.2492167791339048
JZ-N,2,12/01/23,1,1,N,87.5,52.5,8,63.0625,0.22274111230048094,0.556,68,75-95,50-75,50-75,1.670393486523547,0.15917665089657276,0.2853677206623457,1.8000261210141397,-1.2492167791339048
JZ-N,2,14/01/23,1,1,N,87.5,52.5,8,63.0625,0.22274111230048094,0.556,68,75-95,50-75,50-75,1.670393486523547,0.15917665089657276,0.2853677206623457,1.8000261210141397,-1.2492167791339048
JZ-N,3,05/09/22,1,1,N,67.5,70,8,64.8125,0.3032220862860362,0.556,68,50-75,50-75,50-75,1.0753990026448554,0.7814049975002036,0.36932245227936483,1.8000261210141397,-1.2492167791339048
JZ-N,3,12/01/23,1,1,N,100,15,8,64.8125,0.3032220862860362,0.556,68,95-100,10-25,50-75,2.042265038947729,-1.1741698061112076,0.36932245227936483,1.8000261210141397,-1.2492167791339048
JZ-N,3,14/01/23,2,1,N,100,15,8,64.8125,0.3032220862860362,0.556,68,95-100,10-25,50-75,2.042265038947729,-1.1741698061112076,0.36932245227936483,1.8000261210141397,-1.2492167791339048
JZ-N,4,05/09/22,1,1,N,48.75,73.75,8,79.5,0.16046982166255438,0.556,68,25-50,50-75,75-95,0.5175916740085823,0.9147396432009817,1.0739425212079186,1.8000261210141397,-1.2492167791339048
JZ-N,4,10/01/23,5,1,N,63.75,38.75,8,79.5,0.16046982166255438,0.556,68,50-75,25-50,75-95,0.9638375369176009,-0.32971705000628004,1.0739425212079186,1.8000261210141397,-1.2492167791339048
JZ-N,4,12/01/23,1,1,N,63.75,38.75,8,79.5,0.16046982166255438,0.556,68,50-75,25-50,75-95,0.9638375369176009,-0.32971705000628004,1.0739425212079186,1.8000261210141397,-1.2492167791339048
JZ-N,4,14/01/23,3,1,N,63.75,38.75,8,79.5,0.16046982166255438,0.556,68,50-75,25-50,75-95,0.9638375369176009,-0.32971705000628004,1.0739425212079186,1.8000261210141397,-1.2492167791339048
JZJ-C,1,09/09/22,7,1,C,0,5,1,25,0.6042626360559896,0.333,278,0,5-10,25-50,-0.9327073804457281,-1.5297288613132825,-1.540647692007821,-0.33769553226482996,0.6920484477744843
JZJ-C,1,12/09/22,11,1,C,0,5,1,25,0.6042626360559896,0.333,278,0,5-10,25-50,-0.9327073804457281,-1.5297288613132825,-1.540647692007821,-0.33769553226482996,0.6920484477744843
JZJ-C,1,14/09/22,8,1,C,0,5,1,25,0.6042626360559896,0.333,278,0,5-10,25-50,-0.9327073804457281,-1.5297288613132825,-1.540647692007821,-0.33769553226482996,0.6920484477744843
JZJ-C,1,17/01/23,3,2,C,53.75,8.75,1,25,0.6042626360559896,0.333,278,50-75,5-10,25-50,0.6663402949782552,-1.3963942156125044,-1.540647692007821,-0.33769553226482996,0.6920484477744843
JZJ-C,1,19/01/23,3,3,C,53.75,8.75,1,25,0.6042626360559896,0.333,278,50-75,5-10,25-50,0.6663402949782552,-1.3963942156125044,-1.540647692007821,-0.33769553226482996,0.6920484477744843
JZJ-C,2,09/09/22,5,1,C,3.75,5,1,18,0.539466090270223,0.333,278,1-5,5-10,10-25,-0.8211459147184734,-1.5297288613132825,-1.8764666184758976,-0.33769553226482996,0.6920484477744843
JZJ-C,2,12/09/22,6,1,C,3.75,5,1,18,0.539466090270223,0.333,278,1-5,5-10,10-25,-0.8211459147184734,-1.5297288613132825,-1.8764666184758976,-0.33769553226482996,0.6920484477744843
JZJ-C,2,14/09/22,9,1,C,3.75,5,1,18,0.539466090270223,0.333,278,1-5,5-10,10-25,-0.8211459147184734,-1.5297288613132825,-1.8764666184758976,-0.33769553226482996,0.6920484477744843
JZJ-C,2,19/01/23,2,2,C,47.5,26.25,1,18,0.539466090270223,0.333,278,25-50,25-50,10-25,0.4804045187661641,-0.7741658690088735,-1.8764666184758976,-0.33769553226482996,0.6920484477744843
JZJ-C,2,21/01/23,2,1,C,47.5,26.25,1,18,0.539466090270223,0.333,278,25-50,25-50,10-25,0.4804045187661641,-0.7741658690088735,-1.8764666184758976,-0.33769553226482996,0.6920484477744843
JZJ-C,3,09/09/22,7,1,C,10,15,1,19.6875,0.45127033445156345,0.333,278,10-25,10-25,10-25,-0.6352101385063823,-1.1741698061112076,-1.795510270130915,-0.33769553226482996,0.6920484477744843
JZJ-C,3,12/09/22,10,1,C,10,15,1,19.6875,0.45127033445156345,0.333,278,10-25,10-25,10-25,-0.6352101385063823,-1.1741698061112076,-1.795510270130915,-0.33769553226482996,0.6920484477744843
JZJ-C,3,14/09/22,4,1,C,10,15,1,19.6875,0.45127033445156345,0.333,278,10-25,10-25,10-25,-0.6352101385063823,-1.1741698061112076,-1.795510270130915,-0.33769553226482996,0.6920484477744843
JZJ-C,3,19/01/23,2,2,C,100,38.75,1,19.6875,0.45127033445156345,0.333,278,95-100,25-50,10-25,2.042265038947729,-0.32971705000628004,-1.795510270130915,-0.33769553226482996,0.6920484477744843
JZJ-C,3,21/01/23,1,1,C,100,38.75,1,19.6875,0.45127033445156345,0.333,278,95-100,25-50,10-25,2.042265038947729,-0.32971705000628004,-1.795510270130915,-0.33769553226482996,0.6920484477744843
JZJ-C,4,09/09/22,5,1,C,8.75,13.75,1,36.625,0.2911778232736026,0.333,278,5-10,10-25,25-50,-0.6723972937488005,-1.218614688011467,-0.9829484034090509,-0.33769553226482996,0.6920484477744843
JZJ-C,4,12/09/22,4,1,C,8.75,13.75,1,36.625,0.2911778232736026,0.333,278,5-10,10-25,25-50,-0.6723972937488005,-1.218614688011467,-0.9829484034090509,-0.33769553226482996,0.6920484477744843
JZJ-C,4,14/09/22,9,1,C,8.75,13.75,1,36.625,0.2911778232736026,0.333,278,5-10,10-25,25-50,-0.6723972937488005,-1.218614688011467,-0.9829484034090509,-0.33769553226482996,0.6920484477744843
JZJ-C,4,19/01/23,1,1,C,100,53.75,1,36.625,0.2911778232736026,0.333,278,95-100,50-75,25-50,2.042265038947729,0.20362153279683212,-0.9829484034090509,-0.33769553226482996,0.6920484477744843
LG-C,1,04/03/23,1,1,C,77.5,21.25,3,45.25,0.45162155398200676,0.392,405,75-95,10-25,25-50,1.3728962445842012,-0.951945396609911,-0.5691715118680278,0.22789001725740857,1.866051704047653
LG-C,1,06/03/23,2,1,C,77.5,21.25,3,45.25,0.45162155398200676,0.392,405,75-95,10-25,25-50,1.3728962445842012,-0.951945396609911,-0.5691715118680278,0.22789001725740857,1.866051704047653
LG-C,1,08/03/23,3,2,C,77.5,21.25,3,45.25,0.45162155398200676,0.392,405,75-95,10-25,25-50,1.3728962445842012,-0.951945396609911,-0.5691715118680278,0.22789001725740857,1.866051704047653
LG-C,1,15/11/22,3,1,C,0,86.25,3,45.25,0.45162155398200676,0.392,405,0,75-95,25-50,-0.9327073804457281,1.3591884622035753,-0.5691715118680278,0.22789001725740857,1.866051704047653
LG-C,1,17/11/22,2,1,C,0,86.25,3,45.25,0.45162155398200676,0.392,405,0,75-95,25-50,-0.9327073804457281,1.3591884622035753,-0.5691715118680278,0.22789001725740857,1.866051704047653
LG-C,1,19/11/22,2,1,C,0,86.25,3,45.25,0.45162155398200676,0.392,405,0,75-95,25-50,-0.9327073804457281,1.3591884622035753,-0.5691715118680278,0.22789001725740857,1.866051704047653
LG-C,2,04/03/23,2,1,C,100,15,3,47.4375,0.16353569738998142,0.392,405,95-100,10-25,25-50,2.042265038947729,-1.1741698061112076,-0.4642280973467539,0.22789001725740857,1.866051704047653
LG-C,2,06/03/23,4,2,C,100,15,3,47.4375,0.16353569738998142,0.392,405,95-100,10-25,25-50,2.042265038947729,-1.1741698061112076,-0.4642280973467539,0.22789001725740857,1.866051704047653
LG-C,2,08/03/23,3,2,C,100,15,3,47.4375,0.16353569738998142,0.392,405,95-100,10-25,25-50,2.042265038947729,-1.1741698061112076,-0.4642280973467539,0.22789001725740857,1.866051704047653
LG-C,2,15/11/22,1,1,C,0,77.5,3,47.4375,0.16353569738998142,0.392,405,0,75-95,25-50,-0.9327073804457281,1.0480742889017598,-0.4642280973467539,0.22789001725740857,1.866051704047653
LG-C,2,19/11/22,2,1,C,0,77.5,3,47.4375,0.16353569738998142,0.392,405,0,75-95,25-50,-0.9327073804457281,1.0480742889017598,-0.4642280973467539,0.22789001725740857,1.866051704047653
LG-C,3,06/03/23,1,1,C,100,8.75,3,26.8125,0.5049548651301189,0.392,405,95-100,5-10,25-50,2.042265038947729,-1.3963942156125044,-1.4536945771187655,0.22789001725740857,1.866051704047653
LG-C,3,08/03/23,3,3,C,100,8.75,3,26.8125,0.5049548651301189,0.392,405,95-100,5-10,25-50,2.042265038947729,-1.3963942156125044,-1.4536945771187655,0.22789001725740857,1.866051704047653
LG-C,3,15/11/22,3,1,C,0,61.25,3,26.8125,0.5049548651301189,0.392,405,0,50-75,25-50,-0.9327073804457281,0.4702908241983882,-1.4536945771187655,0.22789001725740857,1.866051704047653
LG-C,3,17/11/22,2,2,C,0,61.25,3,26.8125,0.5049548651301189,0.392,405,0,50-75,25-50,-0.9327073804457281,0.4702908241983882,-1.4536945771187655,0.22789001725740857,1.866051704047653
LG-C,3,19/11/22,4,2,C,0,61.25,3,26.8125,0.5049548651301189,0.392,405,0,50-75,25-50,-0.9327073804457281,0.4702908241983882,-1.4536945771187655,0.22789001725740857,1.866051704047653
LG-C,4,04/03/23,2,2,C,100,10,3,39.3125,0.2824166702166825,0.392,405,95-100,10-25,25-50,2.042265038947729,-1.351949333712245,-0.8540179227114857,0.22789001725740857,1.866051704047653
LG-C,4,06/03/23,2,2,C,100,10,3,39.3125,0.2824166702166825,0.392,405,95-100,10-25,25-50,2.042265038947729,-1.351949333712245,-0.8540179227114857,0.22789001725740857,1.866051704047653
LG-C,4,15/11/22,4,1,C,2.5,57.5,3,39.3125,0.2824166702166825,0.392,405,1-5,50-75,25-50,-0.8583330699608916,0.33695617849761017,-0.8540179227114857,0.22789001725740857,1.866051704047653
LG-C,4,17/11/22,2,2,C,2.5,57.5,3,39.3125,0.2824166702166825,0.392,405,1-5,50-75,25-50,-0.8583330699608916,0.33695617849761017,-0.8540179227114857,0.22789001725740857,1.866051704047653
LG-C,4,19/11/22,5,2,C,2.5,57.5,3,39.3125,0.2824166702166825,0.392,405,1-5,50-75,25-50,-0.8583330699608916,0.33695617849761017,-0.8540179227114857,0.22789001725740857,1.866051704047653
LG-N,1,04/03/23,2,2,N,100,12.5,3,51.25,0.40083197237412954,0.322,317,95-100,10-25,50-75,2.042265038947729,-1.2630595699117264,-0.2813267177525336,-0.44314368556558636,1.0525691327717566
LG-N,1,06/03/23,2,1,N,100,12.5,3,51.25,0.40083197237412954,0.322,317,95-100,10-25,50-75,2.042265038947729,-1.2630595699117264,-0.2813267177525336,-0.44314368556558636,1.0525691327717566
LG-N,1,15/11/22,5,2,N,1.25,77.5,3,51.25,0.40083197237412954,0.322,317,1-5,75-95,50-75,-0.8955202252033099,1.0480742889017598,-0.2813267177525336,-0.44314368556558636,1.0525691327717566
LG-N,1,17/11/22,5,1,N,1.25,77.5,3,51.25,0.40083197237412954,0.322,317,1-5,75-95,50-75,-0.8955202252033099,1.0480742889017598,-0.2813267177525336,-0.44314368556558636,1.0525691327717566
LG-N,1,19/11/22,9,2,N,1.25,77.5,3,51.25,0.40083197237412954,0.322,317,1-5,75-95,50-75,-0.8955202252033099,1.0480742889017598,-0.2813267177525336,-0.44314368556558636,1.0525691327717566
LG-N,2,06/03/23,3,3,N,100,13.75,3,46.375,0.49324427132415505,0.322,317,95-100,10-25,25-50,2.042265038947729,-1.218614688011467,-0.5152006129713727,-0.44314368556558636,1.0525691327717566
LG-N,2,08/03/23,3,2,N,100,13.75,3,46.375,0.49324427132415505,0.322,317,95-100,10-25,25-50,2.042265038947729,-1.218614688011467,-0.5152006129713727,-0.44314368556558636,1.0525691327717566
LG-N,2,15/11/22,6,2,N,5,46.25,3,46.375,0.49324427132415505,0.322,317,5-10,25-50,25-50,-0.7839587594760552,-0.06304775860472397,-0.5152006129713727,-0.44314368556558636,1.0525691327717566
LG-N,2,17/11/22,5,2,N,5,46.25,3,46.375,0.49324427132415505,0.322,317,5-10,25-50,25-50,-0.7839587594760552,-0.06304775860472397,-0.5152006129713727,-0.44314368556558636,1.0525691327717566
LG-N,2,19/11/22,4,2,N,5,46.25,3,46.375,0.49324427132415505,0.322,317,5-10,25-50,25-50,-0.7839587594760552,-0.06304775860472397,-0.5152006129713727,-0.44314368556558636,1.0525691327717566
LG-N,3,04/03/23,2,2,N,100,22.5,3,67.6875,0.11626529589762001,0.322,317,95-100,10-25,50-75,2.042265038947729,-0.9075005147096515,0.5072480827930392,-0.44314368556558636,1.0525691327717566
LG-N,3,06/03/23,2,2,N,100,22.5,3,67.6875,0.11626529589762001,0.322,317,95-100,10-25,50-75,2.042265038947729,-0.9075005147096515,0.5072480827930392,-0.44314368556558636,1.0525691327717566
LG-N,3,08/03/23,1,1,N,100,22.5,3,67.6875,0.11626529589762001,0.322,317,95-100,10-25,50-75,2.042265038947729,-0.9075005147096515,0.5072480827930392,-0.44314368556558636,1.0525691327717566
LG-N,3,15/11/22,5,2,N,0,68.75,3,67.6875,0.11626529589762001,0.322,317,0,50-75,50-75,-0.9327073804457281,0.7369601155999443,0.5072480827930392,-0.44314368556558636,1.0525691327717566
LG-N,3,17/11/22,2,2,N,0,68.75,3,67.6875,0.11626529589762001,0.322,317,0,50-75,50-75,-0.9327073804457281,0.7369601155999443,0.5072480827930392,-0.44314368556558636,1.0525691327717566
LG-N,3,19/11/22,8,3,N,0,68.75,3,67.6875,0.11626529589762001,0.322,317,0,50-75,50-75,-0.9327073804457281,0.7369601155999443,0.5072480827930392,-0.44314368556558636,1.0525691327717566
LG-N,4,04/03/23,3,1,N,100,5,3,42.0625,0.5085661285896411,0.322,317,95-100,5-10,25-50,2.042265038947729,-1.5297288613132825,-0.7220890587418842,-0.44314368556558636,1.0525691327717566
LG-N,4,15/11/22,5,1,N,0,48.75,3,42.0625,0.5085661285896411,0.322,317,0,25-50,25-50,-0.9327073804457281,0.025842005195794725,-0.7220890587418842,-0.44314368556558636,1.0525691327717566
LG-N,4,17/11/22,5,2,N,0,48.75,3,42.0625,0.5085661285896411,0.322,317,0,25-50,25-50,-0.9327073804457281,0.025842005195794725,-0.7220890587418842,-0.44314368556558636,1.0525691327717566
LG-N,4,19/11/22,5,1,N,0,48.75,3,42.0625,0.5085661285896411,0.322,317,0,25-50,25-50,-0.9327073804457281,0.025842005195794725,-0.7220890587418842,-0.44314368556558636,1.0525691327717566
LL-C,1,01/09/22,3,1,C,0,57.5,7,61.375,0.641919525097984,0.233,268,0,50-75,50-75,-0.9327073804457281,0.33695617849761017,0.20441137231736295,-1.2963151077262514,0.5996072464931324
LL-C,1,03/09/22,2,1,C,0,57.5,7,61.375,0.641919525097984,0.233,268,0,50-75,50-75,-0.9327073804457281,0.33695617849761017,0.20441137231736295,-1.2963151077262514,0.5996072464931324
LL-C,1,06/09/22,3,1,C,0,57.5,7,61.375,0.641919525097984,0.233,268,0,50-75,50-75,-0.9327073804457281,0.33695617849761017,0.20441137231736295,-1.2963151077262514,0.5996072464931324
LL-C,1,23/01/23,2,1,C,2.5,35,7,61.375,0.641919525097984,0.233,268,1-5,25-50,50-75,-0.8583330699608916,-0.4630516957070581,0.20441137231736295,-1.2963151077262514,0.5996072464931324
LL-C,1,25/01/23,2,1,C,2.5,35,7,61.375,0.641919525097984,0.233,268,1-5,25-50,50-75,-0.8583330699608916,-0.4630516957070581,0.20441137231736295,-1.2963151077262514,0.5996072464931324
LL-C,1,27/01/23,3,1,C,2.5,35,7,61.375,0.641919525097984,0.233,268,1-5,25-50,50-75,-0.8583330699608916,-0.4630516957070581,0.20441137231736295,-1.2963151077262514,0.5996072464931324
LL-C,2,01/09/22,3,1,C,0,53.75,7,41.8125,0.6776759266947177,0.233,268,0,50-75,25-50,-0.9327073804457281,0.20362153279683212,-0.7340825918300298,-1.2963151077262514,0.5996072464931324
LL-C,2,03/09/22,2,1,C,0,53.75,7,41.8125,0.6776759266947177,0.233,268,0,50-75,25-50,-0.9327073804457281,0.20362153279683212,-0.7340825918300298,-1.2963151077262514,0.5996072464931324
LL-C,2,06/09/22,4,1,C,0,53.75,7,41.8125,0.6776759266947177,0.233,268,0,50-75,25-50,-0.9327073804457281,0.20362153279683212,-0.7340825918300298,-1.2963151077262514,0.5996072464931324
LL-C,2,23/01/23,2,1,C,23.75,58.75,7,41.8125,0.6776759266947177,0.233,268,10-25,50-75,25-50,-0.22615143083978198,0.38140106039786953,-0.7340825918300298,-1.2963151077262514,0.5996072464931324
LL-C,2,25/01/23,3,1,C,23.75,58.75,7,41.8125,0.6776759266947177,0.233,268,10-25,50-75,25-50,-0.22615143083978198,0.38140106039786953,-0.7340825918300298,-1.2963151077262514,0.5996072464931324
LL-C,2,27/01/23,5,2,C,23.75,58.75,7,41.8125,0.6776759266947177,0.233,268,10-25,50-75,25-50,-0.22615143083978198,0.38140106039786953,-0.7340825918300298,-1.2963151077262514,0.5996072464931324
LL-C,3,01/09/22,4,1,C,2.5,46.25,7,46.1875,0.5882437960864427,0.233,268,1-5,25-50,25-50,-0.8583330699608916,-0.06304775860472397,-0.5241957627874819,-1.2963151077262514,0.5996072464931324
LL-C,3,03/09/22,3,1,C,2.5,46.25,7,46.1875,0.5882437960864427,0.233,268,1-5,25-50,25-50,-0.8583330699608916,-0.06304775860472397,-0.5241957627874819,-1.2963151077262514,0.5996072464931324
LL-C,3,06/09/22,5,1,C,2.5,46.25,7,46.1875,0.5882437960864427,0.233,268,1-5,25-50,25-50,-0.8583330699608916,-0.06304775860472397,-0.5241957627874819,-1.2963151077262514,0.5996072464931324
LL-C,3,23/01/23,1,1,C,30,47.5,7,46.1875,0.5882437960864427,0.233,268,25-50,25-50,25-50,-0.0402156546276909,-0.01860287670446462,-0.5241957627874819,-1.2963151077262514,0.5996072464931324
LL-C,3,25/01/23,1,1,C,30,47.5,7,46.1875,0.5882437960864427,0.233,268,25-50,25-50,25-50,-0.0402156546276909,-0.01860287670446462,-0.5241957627874819,-1.2963151077262514,0.5996072464931324
LL-C,3,27/01/23,2,1,C,30,47.5,7,46.1875,0.5882437960864427,0.233,268,25-50,25-50,25-50,-0.0402156546276909,-0.01860287670446462,-0.5241957627874819,-1.2963151077262514,0.5996072464931324
LL-C,4,01/09/22,2,1,C,3.75,28.75,7,16.5625,0.5275646248270758,0.233,268,1-5,25-50,10-25,-0.8211459147184734,-0.6852761052083548,-1.9454294337327347,-1.2963151077262514,0.5996072464931324
LL-C,4,03/09/22,2,1,C,3.75,28.75,7,16.5625,0.5275646248270758,0.233,268,1-5,25-50,10-25,-0.8211459147184734,-0.6852761052083548,-1.9454294337327347,-1.2963151077262514,0.5996072464931324
LL-C,4,25/01/23,1,1,C,16.25,22.5,7,16.5625,0.5275646248270758,0.233,268,10-25,10-25,10-25,-0.44927436229429124,-0.9075005147096515,-1.9454294337327347,-1.2963151077262514,0.5996072464931324
LL-C,4,27/01/23,3,3,C,16.25,22.5,7,16.5625,0.5275646248270758,0.233,268,10-25,10-25,10-25,-0.44927436229429124,-0.9075005147096515,-1.9454294337327347,-1.2963151077262514,0.5996072464931324
LL-N,1,03/09/22,4,1,N,7.5,23.75,7,57.25,0.4596437212826327,0.231,298,5-10,10-25,50-75,-0.7095844489912188,-0.8630556328093922,0.00651807636296064,-1.3154874992354797,0.876930850337188
LL-N,1,06/09/22,2,1,N,7.5,23.75,7,57.25,0.4596437212826327,0.231,298,5-10,10-25,50-75,-0.7095844489912188,-0.8630556328093922,0.00651807636296064,-1.3154874992354797,0.876930850337188
LL-N,1,23/01/23,2,1,N,5,32.5,7,57.25,0.4596437212826327,0.231,298,5-10,25-50,50-75,-0.7839587594760552,-0.5519414595075768,0.00651807636296064,-1.3154874992354797,0.876930850337188
LL-N,1,25/01/23,2,1,N,5,32.5,7,57.25,0.4596437212826327,0.231,298,5-10,25-50,50-75,-0.7839587594760552,-0.5519414595075768,0.00651807636296064,-1.3154874992354797,0.876930850337188
LL-N,1,27/01/23,3,1,N,5,32.5,7,57.25,0.4596437212826327,0.231,298,5-10,25-50,50-75,-0.7839587594760552,-0.5519414595075768,0.00651807636296064,-1.3154874992354797,0.876930850337188
LL-N,2,03/09/22,5,1,N,7.5,20,7,49.75,0.53476089005437355,0.231,298,5-10,10-25,25-50,-0.7095844489912188,-0.9963902785101703,-0.35328791628140715,-1.3154874992354797,0.876930850337188
LL-N,2,06/09/22,5,1,N,7.5,20,7,49.75,0.53476089005437355,0.231,298,5-10,10-25,25-50,-0.7095844489912188,-0.9963902785101703,-0.35328791628140715,-1.3154874992354797,0.876930850337188
LL-N,2,23/01/23,3,1,N,52.5,18.75,7,49.75,0.53476089005437355,0.231,298,50-75,10-25,25-50,0.629153139735837,-1.0408351604104296,-0.35328791628140715,-1.3154874992354797,0.876930850337188
LL-N,2,25/01/23,1,1,N,52.5,18.75,7,49.75,0.53476089005437355,0.231,298,50-75,10-25,25-50,0.629153139735837,-1.0408351604104296,-0.35328791628140715,-1.3154874992354797,0.876930850337188
LL-N,2,27/01/23,2,1,N,52.5,18.75,7,49.75,0.53476089005437355,0.231,298,50-75,10-25,25-50,0.629153139735837,-1.0408351604104296,-0.35328791628140715,-1.3154874992354797,0.876930850337188
LL-N,3,01/09/22,2,1,N,41.25,61.25,7,64,0.43099941768739664,0.231,298,25-50,50-75,50-75,0.294468742554073,0.4702908241983882,0.3303434697428917,-1.3154874992354797,0.876930850337188
LL-N,3,06/09/22,4,1,N,3.75,61.25,7,64,0.43099941768739664,0.231,298,1-5,50-75,50-75,-0.8211459147184734,0.4702908241983882,0.3303434697428917,-1.3154874992354797,0.876930850337188
LL-N,3,23/01/23,3,1,N,10,58.75,7,64,0.43099941768739664,0.231,298,10-25,50-75,50-75,-0.6352101385063823,0.38140106039786953,0.3303434697428917,-1.3154874992354797,0.876930850337188
LL-N,3,25/01/23,3,1,N,10,58.75,7,64,0.43099941768739664,0.231,298,10-25,50-75,50-75,-0.6352101385063823,0.38140106039786953,0.3303434697428917,-1.3154874992354797,0.876930850337188
LL-N,3,27/01/23,5,1,N,10,58.75,7,64,0.43099941768739664,0.231,298,10-25,50-75,50-75,-0.6352101385063823,0.38140106039786953,0.3303434697428917,-1.3154874992354797,0.876930850337188
LL-N,4,01/09/22,3,1,N,43.75,68.75,7,63.375,0.4348743426496191,0.231,298,25-50,50-75,50-75,0.36884305303890946,0.7369601155999443,0.3003596370225277,-1.3154874992354797,0.876930850337188
LL-N,4,03/09/22,5,1,N,6.25,68.75,7,63.375,0.4348743426496191,0.231,298,5-10,50-75,50-75,-0.746771604233637,0.7369601155999443,0.3003596370225277,-1.3154874992354797,0.876930850337188
LL-N,4,06/09/22,7,2,N,6.25,68.75,7,63.375,0.4348743426496191,0.231,298,5-10,50-75,50-75,-0.746771604233637,0.7369601155999443,0.3003596370225277,-1.3154874992354797,0.876930850337188
LL-N,4,23/01/23,5,2,N,46.25,20,7,63.375,0.4348743426496191,0.231,298,25-50,10-25,50-75,0.4432173635237459,-0.9963902785101703,0.3003596370225277,-1.3154874992354797,0.876930850337188
LL-N,4,25/01/23,4,2,N,46.25,20,7,63.375,0.4348743426496191,0.231,298,25-50,10-25,50-75,0.4432173635237459,-0.9963902785101703,0.3003596370225277,-1.3154874992354797,0.876930850337188
LL-N,4,27/01/23,1,1,N,46.25,20,7,63.375,0.4348743426496191,0.231,298,25-50,10-25,50-75,0.4432173635237459,-0.9963902785101703,0.3003596370225277,-1.3154874992354797,0.876930850337188
PM-C,1,05/03/23,2,2,C,1.25,41.25,2,41.625,0.5754597959889314,0.306,254,1-5,25-50,25-50,-0.8955202252033099,-0.24082728620576135,-0.7430777416461389,-0.596522817639414,0.4701895646992398
PM-C,1,07/03/23,3,2,C,1.25,41.25,2,41.625,0.5754597959889314,0.306,254,1-5,25-50,25-50,-0.8955202252033099,-0.24082728620576135,-0.7430777416461389,-0.596522817639414,0.4701895646992398
PM-C,1,09/03/23,2,2,C,1.25,41.25,2,41.625,0.5754597959889314,0.306,254,1-5,25-50,25-50,-0.8955202252033099,-0.24082728620576135,-0.7430777416461389,-0.596522817639414,0.4701895646992398
PM-C,1,22/11/22,4,3,C,5,10,2,41.625,0.5754597959889314,0.306,254,5-10,10-25,25-50,-0.7839587594760552,-1.351949333712245,-0.7430777416461389,-0.596522817639414,0.4701895646992398
PM-C,1,24/11/22,4,2,C,5,10,2,41.625,0.5754597959889314,0.306,254,5-10,10-25,25-50,-0.7839587594760552,-1.351949333712245,-0.7430777416461389,-0.596522817639414,0.4701895646992398
PM-C,1,26/11/22,5,1,C,5,10,2,41.625,0.5754597959889314,0.306,254,5-10,10-25,25-50,-0.7839587594760552,-1.351949333712245,-0.7430777416461389,-0.596522817639414,0.4701895646992398
PM-C,2,07/03/23,3,2,C,13.75,27.5,2,57.9375,0.09060632482966403,0.306,254,10-25,25-50,50-75,-0.5236486727791277,-0.7297209871086142,0.039500292355361025,-0.596522817639414,0.4701895646992398
PM-C,2,09/03/23,3,3,C,13.75,27.5,2,57.9375,0.09060632482966403,0.306,254,10-25,25-50,50-75,-0.5236486727791277,-0.7297209871086142,0.039500292355361025,-0.596522817639414,0.4701895646992398
PM-C,2,22/11/22,2,1,C,2.5,11.25,2,57.9375,0.09060632482966403,0.306,254,1-5,10-25,50-75,-0.8583330699608916,-1.3075044518119856,0.039500292355361025,-0.596522817639414,0.4701895646992398
PM-C,2,24/11/22,9,2,C,2.5,11.25,2,57.9375,0.09060632482966403,0.306,254,1-5,10-25,50-75,-0.8583330699608916,-1.3075044518119856,0.039500292355361025,-0.596522817639414,0.4701895646992398
PM-C,2,26/11/22,4,1,C,2.5,11.25,2,57.9375,0.09060632482966403,0.306,254,1-5,10-25,50-75,-0.8583330699608916,-1.3075044518119856,0.039500292355361025,-0.596522817639414,0.4701895646992398
PM-C,3,05/03/23,3,1,C,6.25,43.75,2,42,0.4461242348891219,0.306,254,5-10,25-50,25-50,-0.746771604233637,-0.15193752240524266,-0.7250874420139206,-0.596522817639414,0.4701895646992398
PM-C,3,09/03/23,5,3,C,6.25,43.75,2,42,0.4461242348891219,0.306,254,5-10,25-50,25-50,-0.746771604233637,-0.15193752240524266,-0.7250874420139206,-0.596522817639414,0.4701895646992398
PM-C,3,22/11/22,3,2,C,0,30,2,42,0.4461242348891219,0.306,254,0,25-50,25-50,-0.9327073804457281,-0.6408312233080955,-0.7250874420139206,-0.596522817639414,0.4701895646992398
PM-C,3,24/11/22,4,1,C,0,30,2,42,0.4461242348891219,0.306,254,0,25-50,25-50,-0.9327073804457281,-0.6408312233080955,-0.7250874420139206,-0.596522817639414,0.4701895646992398
PM-C,3,26/11/22,2,1,C,0,30,2,42,0.4461242348891219,0.306,254,0,25-50,25-50,-0.9327073804457281,-0.6408312233080955,-0.7250874420139206,-0.596522817639414,0.4701895646992398
PM-C,4,05/03/23,2,1,C,10,53.75,2,25.875,0.4847957067971154,0.306,254,10-25,50-75,25-50,-0.6352101385063823,0.20362153279683212,-1.4986703261993115,-0.596522817639414,0.4701895646992398
PM-C,4,07/03/23,3,1,C,10,53.75,2,25.875,0.4847957067971154,0.306,254,10-25,50-75,25-50,-0.6352101385063823,0.20362153279683212,-1.4986703261993115,-0.596522817639414,0.4701895646992398
PM-C,4,09/03/23,1,1,C,10,53.75,2,25.875,0.4847957067971154,0.306,254,10-25,50-75,25-50,-0.6352101385063823,0.20362153279683212,-1.4986703261993115,-0.596522817639414,0.4701895646992398
PM-C,4,22/11/22,6,1,C,0,22.5,2,25.875,0.4847957067971154,0.306,254,0,10-25,25-50,-0.9327073804457281,-0.9075005147096515,-1.4986703261993115,-0.596522817639414,0.4701895646992398
PM-C,4,24/11/22,7,2,C,0,22.5,2,25.875,0.4847957067971154,0.306,254,0,10-25,25-50,-0.9327073804457281,-0.9075005147096515,-1.4986703261993115,-0.596522817639414,0.4701895646992398
PM-C,4,26/11/22,4,1,C,0,22.5,2,25.875,0.4847957067971154,0.306,254,0,10-25,25-50,-0.9327073804457281,-0.9075005147096515,-1.4986703261993115,-0.596522817639414,0.4701895646992398
PM-N,1,05/03/23,3,1,N,8.75,26.25,2,43.5,0.3117253246510487,0.298,289,5-10,25-50,25-50,-0.6723972937488005,-0.7741658690088735,-0.653126243485047,-0.6732123836763277,0.7937337691839713
PM-N,1,07/03/23,1,1,N,8.75,26.25,2,43.5,0.3117253246510487,0.298,289,5-10,25-50,25-50,-0.6723972937488005,-0.7741658690088735,-0.653126243485047,-0.6732123836763277,0.7937337691839713
PM-N,1,09/03/23,3,1,N,8.75,26.25,2,43.5,0.3117253246510487,0.298,289,5-10,25-50,25-50,-0.6723972937488005,-0.7741658690088735,-0.653126243485047,-0.6732123836763277,0.7937337691839713
PM-N,1,22/11/22,3,1,N,0,30,2,43.5,0.3117253246510487,0.298,289,0,25-50,25-50,-0.9327073804457281,-0.6408312233080955,-0.653126243485047,-0.6732123836763277,0.7937337691839713
PM-N,1,24/11/22,2,1,N,0,30,2,43.5,0.3117253246510487,0.298,289,0,25-50,25-50,-0.9327073804457281,-0.6408312233080955,-0.653126243485047,-0.6732123836763277,0.7937337691839713
PM-N,1,26/11/22,3,1,N,0,30,2,43.5,0.3117253246510487,0.298,289,0,25-50,25-50,-0.9327073804457281,-0.6408312233080955,-0.653126243485047,-0.6732123836763277,0.7937337691839713
PM-N,2,05/03/23,2,1,N,18.75,52.5,2,72.4375,0.10458201949612948,0.298,289,10-25,50-75,50-75,-0.37490005180945485,0.15917665089657276,0.7351252114678055,-0.6732123836763277,0.7937337691839713
PM-N,2,07/03/23,3,2,N,18.75,52.5,2,72.4375,0.10458201949612948,0.298,289,10-25,50-75,50-75,-0.37490005180945485,0.15917665089657276,0.7351252114678055,-0.6732123836763277,0.7937337691839713
PM-N,2,09/03/23,2,1,N,18.75,52.5,2,72.4375,0.10458201949612948,0.298,289,10-25,50-75,50-75,-0.37490005180945485,0.15917665089657276,0.7351252114678055,-0.6732123836763277,0.7937337691839713
PM-N,2,22/11/22,3,2,N,3.75,70,2,72.4375,0.10458201949612948,0.298,289,1-5,50-75,50-75,-0.8211459147184734,0.7814049975002036,0.7351252114678055,-0.6732123836763277,0.7937337691839713
PM-N,2,24/11/22,1,1,N,3.75,70,2,72.4375,0.10458201949612948,0.298,289,1-5,50-75,50-75,-0.8211459147184734,0.7814049975002036,0.7351252114678055,-0.6732123836763277,0.7937337691839713
PM-N,2,26/11/22,4,1,N,3.75,70,2,72.4375,0.10458201949612948,0.298,289,1-5,50-75,50-75,-0.8211459147184734,0.7814049975002036,0.7351252114678055,-0.6732123836763277,0.7937337691839713
PM-N,3,05/03/23,2,1,N,5,75,2,68.1875,0.3512745815635367,0.298,289,5-10,75-95,50-75,-0.7839587594760552,0.9591845251012411,0.5312351489693303,-0.6732123836763277,0.7937337691839713
PM-N,3,09/03/23,2,1,N,5,75,2,68.1875,0.3512745815635367,0.298,289,5-10,75-95,50-75,-0.7839587594760552,0.9591845251012411,0.5312351489693303,-0.6732123836763277,0.7937337691839713
PM-N,3,22/11/22,6,1,N,3.75,42.5,2,68.1875,0.3512745815635367,0.298,289,1-5,25-50,50-75,-0.8211459147184734,-0.19638240430550202,0.5312351489693303,-0.6732123836763277,0.7937337691839713
PM-N,3,24/11/22,3,1,N,3.75,42.5,2,68.1875,0.3512745815635367,0.298,289,1-5,25-50,50-75,-0.8211459147184734,-0.19638240430550202,0.5312351489693303,-0.6732123836763277,0.7937337691839713
PM-N,3,26/11/22,6,2,N,3.75,42.5,2,68.1875,0.3512745815635367,0.298,289,1-5,25-50,50-75,-0.8211459147184734,-0.19638240430550202,0.5312351489693303,-0.6732123836763277,0.7937337691839713
PM-N,4,05/03/23,1,1,N,23.75,47.5,2,60.125,0.3740740454651232,0.298,289,10-25,25-50,50-75,-0.22615143083978198,-0.01860287670446462,0.14444370687663496,-0.6732123836763277,0.7937337691839713
PM-N,4,07/03/23,2,1,N,23.75,47.5,2,60.125,0.3740740454651232,0.298,289,10-25,25-50,50-75,-0.22615143083978198,-0.01860287670446462,0.14444370687663496,-0.6732123836763277,0.7937337691839713
PM-N,4,09/03/23,1,1,N,23.75,47.5,2,60.125,0.3740740454651232,0.298,289,10-25,25-50,50-75,-0.22615143083978198,-0.01860287670446462,0.14444370687663496,-0.6732123836763277,0.7937337691839713
PM-N,4,22/11/22,3,1,N,15,33.75,2,60.125,0.3740740454651232,0.298,289,10-25,25-50,50-75,-0.48646151753670946,-0.5074965776073175,0.14444370687663496,-0.6732123836763277,0.7937337691839713
PM-N,4,24/11/22,1,1,N,15,33.75,2,60.125,0.3740740454651232,0.298,289,10-25,25-50,50-75,-0.48646151753670946,-0.5074965776073175,0.14444370687663496,-0.6732123836763277,0.7937337691839713
PM-N,4,26/11/22,4,1,N,15,33.75,2,60.125,0.3740740454651232,0.298,289,10-25,25-50,50-75,-0.48646151753670946,-0.5074965776073175,0.14444370687663496,-0.6732123836763277,0.7937337691839713
PV-N,1,02/12/22,4,1,N,21.25,53.75,10,68,0.34480512022627513,0.323,122,10-25,50-75,50-75,-0.3005257413246184,0.20362153279683212,0.5222399991532212,-0.43355748981097214,-0.7500342922146047
PV-N,1,11/03/23,3,1,N,40,93.75,10,68,0.34480512022627513,0.323,122,25-50,75-95,50-75,0.2572815873116548,1.6258577536051313,0.5222399991532212,-0.43355748981097214,-0.7500342922146047
PV-N,1,13/03/23,1,1,N,40,93.75,10,68,0.34480512022627513,0.323,122,25-50,75-95,50-75,0.2572815873116548,1.6258577536051313,0.5222399991532212,-0.43355748981097214,-0.7500342922146047
PV-N,1,15/03/23,3,1,N,40,93.75,10,68,0.34480512022627513,0.323,122,25-50,75-95,50-75,0.2572815873116548,1.6258577536051313,0.5222399991532212,-0.43355748981097214,-0.7500342922146047
PV-N,1,28/11/22,8,1,N,7.5,57.5,10,68,0.34480512022627513,0.323,122,5-10,50-75,50-75,-0.7095844489912188,0.33695617849761017,0.5222399991532212,-0.43355748981097214,-0.7500342922146047
PV-N,1,30/11/22,3,1,N,21.25,53.75,10,68,0.34480512022627513,0.323,122,10-25,50-75,50-75,-0.3005257413246184,0.20362153279683212,0.5222399991532212,-0.43355748981097214,-0.7500342922146047
PV-N,2,02/12/22,2,1,N,8.75,67.5,10,69.5,0.3059739661709758,0.323,122,5-10,50-75,50-75,-0.6723972937488005,0.6925152336996849,0.5942011976820948,-0.43355748981097214,-0.7500342922146047
PV-N,2,11/03/23,3,2,N,31.25,77.5,10,69.5,0.3059739661709758,0.323,122,25-50,75-95,50-75,-0.0030284993852726892,1.0480742889017598,0.5942011976820948,-0.43355748981097214,-0.7500342922146047
PV-N,2,13/03/23,3,1,N,31.25,77.5,10,69.5,0.3059739661709758,0.323,122,25-50,75-95,50-75,-0.0030284993852726892,1.0480742889017598,0.5942011976820948,-0.43355748981097214,-0.7500342922146047
PV-N,2,15/03/23,4,2,N,31.25,77.5,10,69.5,0.3059739661709758,0.323,122,25-50,75-95,50-75,-0.0030284993852726892,1.0480742889017598,0.5942011976820948,-0.43355748981097214,-0.7500342922146047
PV-N,2,28/11/22,1,1,N,8.75,67.5,10,69.5,0.3059739661709758,0.323,122,5-10,50-75,50-75,-0.6723972937488005,0.6925152336996849,0.5942011976820948,-0.43355748981097214,-0.7500342922146047
PV-N,2,30/11/22,5,2,N,8.75,67.5,10,69.5,0.3059739661709758,0.323,122,5-10,50-75,50-75,-0.6723972937488005,0.6925152336996849,0.5942011976820948,-0.43355748981097214,-0.7500342922146047
PV-N,3,02/12/22,3,1,N,5,77.5,10,74.3125,0.08117697905475967,0.323,122,5-10,75-95,50-75,-0.7839587594760552,1.0480742889017598,0.8250767096288975,-0.43355748981097214,-0.7500342922146047
PV-N,3,11/03/23,5,2,N,15,82.5,10,74.3125,0.08117697905475967,0.323,122,10-25,75-95,50-75,-0.48646151753670946,1.225853816502797,0.8250767096288975,-0.43355748981097214,-0.7500342922146047
PV-N,3,13/03/23,3,1,N,15,82.5,10,74.3125,0.08117697905475967,0.323,122,10-25,75-95,50-75,-0.48646151753670946,1.225853816502797,0.8250767096288975,-0.43355748981097214,-0.7500342922146047
PV-N,3,15/03/23,2,2,N,15,82.5,10,74.3125,0.08117697905475967,0.323,122,10-25,75-95,50-75,-0.48646151753670946,1.225853816502797,0.8250767096288975,-0.43355748981097214,-0.7500342922146047
PV-N,3,28/11/22,6,2,N,5,77.5,10,74.3125,0.08117697905475967,0.323,122,5-10,75-95,50-75,-0.7839587594760552,1.0480742889017598,0.8250767096288975,-0.43355748981097214,-0.7500342922146047
PV-N,3,30/11/22,3,1,N,5,77.5,10,74.3125,0.08117697905475967,0.323,122,5-10,75-95,50-75,-0.7839587594760552,1.0480742889017598,0.8250767096288975,-0.43355748981097214,-0.7500342922146047
PV-N,4,02/12/22,2,1,N,7.5,77.5,10,70.375,0.17505549647814572,0.323,122,5-10,75-95,50-75,-0.7095844489912188,1.0480742889017598,0.6361785634906043,-0.43355748981097214,-0.7500342922146047
PV-N,4,11/03/23,4,1,N,26.25,86.25,10,70.375,0.17505549647814572,0.323,122,25-50,75-95,50-75,-0.15177712035494556,1.3591884622035753,0.6361785634906043,-0.43355748981097214,-0.7500342922146047
PV-N,4,13/03/23,2,1,N,26.25,86.25,10,70.375,0.17505549647814572,0.323,122,25-50,75-95,50-75,-0.15177712035494556,1.3591884622035753,0.6361785634906043,-0.43355748981097214,-0.7500342922146047
PV-N,4,15/03/23,6,1,N,26.25,86.25,10,70.375,0.17505549647814572,0.323,122,25-50,75-95,50-75,-0.15177712035494556,1.3591884622035753,0.6361785634906043,-0.43355748981097214,-0.7500342922146047
PV-N,4,28/11/22,4,3,N,7.5,77.5,10,70.375,0.17505549647814572,0.323,122,5-10,75-95,50-75,-0.7095844489912188,1.0480742889017598,0.6361785634906043,-0.43355748981097214,-0.7500342922146047
PV-N,4,30/11/22,7,3,N,7.5,77.5,10,70.375,0.17505549647814572,0.323,122,5-10,75-95,50-75,-0.7095844489912188,1.0480742889017598,0.6361785634906043,-0.43355748981097214,-0.7500342922146047
VC-C,1,11/03/23,1,1,C,1.25,13.75,10,25,1.0298543586352393,0.317,150,1-5,10-25,25-50,-0.8955202252033099,-1.218614688011467,-1.540647692007821,-0.4910746643386575,-0.4911989286268196
VC-C,1,13/03/23,1,1,C,1.25,13.75,10,25,1.0298543586352393,0.317,150,1-5,10-25,25-50,-0.8955202252033099,-1.218614688011467,-1.540647692007821,-0.4910746643386575,-0.4911989286268196
VC-C,4,02/12/22,1,1,C,3.75,36.25,10,40.6875,0.5340410970573046,0.317,150,1-5,25-50,25-50,-0.8211459147184734,-0.41860681380679876,-0.788053490726685,-0.4910746643386575,-0.4911989286268196
VC-C,4,11/03/23,1,1,C,73.75,23.75,10,40.6875,0.5340410970573046,0.317,150,50-75,10-25,25-50,1.2613347788569467,-0.8630556328093922,-0.788053490726685,-0.4910746643386575,-0.4911989286268196
VC-C,4,28/11/22,2,2,C,3.75,36.25,10,40.6875,0.5340410970573046,0.317,150,1-5,25-50,25-50,-0.8211459147184734,-0.41860681380679876,-0.788053490726685,-0.4910746643386575,-0.4911989286268196
VC-N,1,01/12/22,5,2,N,25,93.75,10,89.6875,0.008323564630508207,0.309,32,25-50,75-95,75-95,-0.18896427559736376,1.6258577536051313,1.5626789945498514,-0.5677642303755712,-1.5820051037467715
VC-N,1,12/03/23,1,1,N,30,100,10,89.6875,0.008323564630508207,0.309,32,25-50,95-100,75-95,-0.0402156546276909,1.848082163106428,1.5626789945498514,-0.5677642303755712,-1.5820051037467715
VC-N,1,14/03/23,2,2,N,30,100,10,89.6875,0.008323564630508207,0.309,32,25-50,95-100,75-95,-0.0402156546276909,1.848082163106428,1.5626789945498514,-0.5677642303755712,-1.5820051037467715
VC-N,1,16/03/23,2,1,N,30,100,10,89.6875,0.008323564630508207,0.309,32,25-50,95-100,75-95,-0.0402156546276909,1.848082163106428,1.5626789945498514,-0.5677642303755712,-1.5820051037467715
VC-N,1,27/11/22,4,1,N,25,93.75,10,89.6875,0.008323564630508207,0.309,32,25-50,75-95,75-95,-0.18896427559736376,1.6258577536051313,1.5626789945498514,-0.5677642303755712,-1.5820051037467715
VC-N,1,29/11/22,5,2,N,25,93.75,10,89.6875,0.008323564630508207,0.309,32,25-50,75-95,75-95,-0.18896427559736376,1.6258577536051313,1.5626789945498514,-0.5677642303755712,-1.5820051037467715
VC-N,2,01/12/22,2,1,N,21.25,88.75,10,83.9375,0.11832373705424429,0.309,32,10-25,75-95,75-95,-0.3005257413246184,1.4480782260040939,1.286827733522503,-0.5677642303755712,-1.5820051037467715
VC-N,2,12/03/23,2,1,N,60,68.75,10,83.9375,0.11832373705424429,0.309,32,50-75,50-75,75-95,0.8522760711903462,0.7369601155999443,1.286827733522503,-0.5677642303755712,-1.5820051037467715
VC-N,2,14/03/23,1,1,N,60,68.75,10,83.9375,0.11832373705424429,0.309,32,50-75,50-75,75-95,0.8522760711903462,0.7369601155999443,1.286827733522503,-0.5677642303755712,-1.5820051037467715
VC-N,2,16/03/23,3,1,N,60,68.75,10,83.9375,0.11832373705424429,0.309,32,50-75,50-75,75-95,0.8522760711903462,0.7369601155999443,1.286827733522503,-0.5677642303755712,-1.5820051037467715
VC-N,2,27/11/22,3,1,N,21.25,88.75,10,83.9375,0.11832373705424429,0.309,32,10-25,75-95,75-95,-0.3005257413246184,1.4480782260040939,1.286827733522503,-0.5677642303755712,-1.5820051037467715
VC-N,2,29/11/22,1,1,N,21.25,88.75,10,83.9375,0.11832373705424429,0.309,32,10-25,75-95,75-95,-0.3005257413246184,1.4480782260040939,1.286827733522503,-0.5677642303755712,-1.5820051037467715
VC-N,3,01/12/22,5,1,N,13.75,73.75,10,87.375,0.0414302463118235,0.309,32,10-25,50-75,75-95,-0.5236486727791277,0.9147396432009817,1.4517388134845046,-0.5677642303755712,-1.5820051037467715
VC-N,3,12/03/23,2,1,N,33.75,78.75,10,87.375,0.0414302463118235,0.309,32,25-50,75-95,75-95,0.07134581109956374,1.092519170802019,1.4517388134845046,-0.5677642303755712,-1.5820051037467715
VC-N,3,14/03/23,7,1,N,33.75,78.75,10,87.375,0.0414302463118235,0.309,32,25-50,75-95,75-95,0.07134581109956374,1.092519170802019,1.4517388134845046,-0.5677642303755712,-1.5820051037467715
VC-N,3,16/03/23,5,1,N,33.75,78.75,10,87.375,0.0414302463118235,0.309,32,25-50,75-95,75-95,0.07134581109956374,1.092519170802019,1.4517388134845046,-0.5677642303755712,-1.5820051037467715
VC-N,3,27/11/22,6,1,N,13.75,73.75,10,87.375,0.0414302463118235,0.309,32,10-25,50-75,75-95,-0.5236486727791277,0.9147396432009817,1.4517388134845046,-0.5677642303755712,-1.5820051037467715
VC-N,3,29/11/22,6,1,N,13.75,73.75,10,87.375,0.0414302463118235,0.309,32,10-25,50-75,75-95,-0.5236486727791277,0.9147396432009817,1.4517388134845046,-0.5677642303755712,-1.5820051037467715
VC-N,4,01/12/22,6,1,N,21.25,73.75,10,85.25,0.0316751744790218,0.309,32,10-25,50-75,75-95,-0.3005257413246184,0.9147396432009817,1.3497937822352672,-0.5677642303755712,-1.5820051037467715
VC-N,4,12/03/23,4,2,N,67.5,71.25,10,85.25,0.0316751744790218,0.309,32,50-75,50-75,75-95,1.0753990026448554,0.825849879400463,1.3497937822352672,-0.5677642303755712,-1.5820051037467715
VC-N,4,14/03/23,2,1,N,67.5,71.25,10,85.25,0.0316751744790218,0.309,32,50-75,50-75,75-95,1.0753990026448554,0.825849879400463,1.3497937822352672,-0.5677642303755712,-1.5820051037467715
VC-N,4,16/03/23,5,1,N,67.5,71.25,10,85.25,0.0316751744790218,0.309,32,50-75,50-75,75-95,1.0753990026448554,0.825849879400463,1.3497937822352672,-0.5677642303755712,-1.5820051037467715
VC-N,4,27/11/22,7,1,N,21.25,73.75,10,85.25,0.0316751744790218,0.309,32,10-25,50-75,75-95,-0.3005257413246184,0.9147396432009817,1.3497937822352672,-0.5677642303755712,-1.5820051037467715
VC-N,4,29/11/22,4,1,N,21.25,73.75,10,85.25,0.0316751744790218,0.309,32,10-25,50-75,75-95,-0.3005257413246184,0.9147396432009817,1.3497937822352672,-0.5677642303755712,-1.5820051037467715
